<?xml version="1.0" encoding="UTF-8"?>
<package id="1" uuid="5167efcf-9a66-49db-9352-5a505326d1ca">
  <dateCreated id="2">2024-08-29 13:14:02</dateCreated>
  <name>Malaria_concepts</name>
  <description>Package contains concepts related to Malaria Vxnaid</description>
  <openmrsVersion>2.4.6 cfl.3 Build 474fed</openmrsVersion>
  <version>1</version>
  <groupUuid>691a1d6c-72b9-4387-8c49-211359aeaf0e</groupUuid>
  <modules id="3">
    <entry>
      <string>openconceptlab</string>
      <string>2.0.0-SNAPSHOT</string>
    </entry>
    <entry>
      <string>calculation</string>
      <string>1.3.0</string>
    </entry>
    <entry>
      <string>legacyui</string>
      <string>1.16.0</string>
    </entry>
    <entry>
      <string>cfldefault</string>
      <string>1.2.1-SNAPSHOT</string>
    </entry>
    <entry>
      <string>htmlwidgets</string>
      <string>1.11.0</string>
    </entry>
    <entry>
      <string>addresshierarchy</string>
      <string>2.15.1</string>
    </entry>
    <entry>
      <string>reportingui</string>
      <string>1.12.0-SNAPSHOT</string>
    </entry>
    <entry>
      <string>uicommons</string>
      <string>2.23.0</string>
    </entry>
    <entry>
      <string>patientflags</string>
      <string>3.0.5-cfl.1</string>
    </entry>
    <entry>
      <string>emrapi</string>
      <string>1.34.0</string>
    </entry>
    <entry>
      <string>registrationapp</string>
      <string>1.25.0</string>
    </entry>
    <entry>
      <string>appointments</string>
      <string>1.6.0-SNAPSHOT</string>
    </entry>
    <entry>
      <string>idgen</string>
      <string>4.9.0</string>
    </entry>
    <entry>
      <string>spa</string>
      <string>1.0.9-SNAPSHOT</string>
    </entry>
    <entry>
      <string>htmlformentry</string>
      <string>4.0.1-cfl.1</string>
    </entry>
    <entry>
      <string>o3forms</string>
      <string>2.2.0</string>
    </entry>
    <entry>
      <string>etllite</string>
      <string>1.1.11</string>
    </entry>
    <entry>
      <string>reportingcompatibility</string>
      <string>2.0.9</string>
    </entry>
    <entry>
      <string>vxnaidlicensemanagement</string>
      <string>1.1.5</string>
    </entry>
    <entry>
      <string>uilibrary</string>
      <string>2.0.7</string>
    </entry>
    <entry>
      <string>locationbasedaccess</string>
      <string>0.3.0-SNAPSHOT</string>
    </entry>
    <entry>
      <string>adminui</string>
      <string>1.6.0</string>
    </entry>
    <entry>
      <string>vxnaidbiometric</string>
      <string>1.3.0-vrvu.1</string>
    </entry>
    <entry>
      <string>files</string>
      <string>1.0.0</string>
    </entry>
    <entry>
      <string>messages</string>
      <string>1.8.2-SNAPSHOT</string>
    </entry>
    <entry>
      <string>metadatamapping</string>
      <string>1.6.0</string>
    </entry>
    <entry>
      <string>coreapps</string>
      <string>1.39.0</string>
    </entry>
    <entry>
      <string>cflcore</string>
      <string>1.12.1-SNAPSHOT</string>
    </entry>
    <entry>
      <string>serialization.xstream</string>
      <string>0.2.16</string>
    </entry>
    <entry>
      <string>dhisconnector</string>
      <string>1.5.7-SNAPSHOT</string>
    </entry>
    <entry>
      <string>metadatadeploy</string>
      <string>1.13.0</string>
    </entry>
    <entry>
      <string>metadatasharing</string>
      <string>1.9.0</string>
    </entry>
    <entry>
      <string>cohort</string>
      <string>3.1.0-SNAPSHOT</string>
    </entry>
    <entry>
      <string>allergyui</string>
      <string>1.8.6-SNAPSHOT</string>
    </entry>
    <entry>
      <string>formentryapp</string>
      <string>1.4.3</string>
    </entry>
    <entry>
      <string>providermanagement</string>
      <string>2.14.0</string>
    </entry>
    <entry>
      <string>visits</string>
      <string>1.6.1-SNAPSHOT</string>
    </entry>
    <entry>
      <string>multiproject</string>
      <string>1.0.0</string>
    </entry>
    <entry>
      <string>sms</string>
      <string>1.3.1</string>
    </entry>
    <entry>
      <string>cflcharts</string>
      <string>1.2.2-SNAPSHOT</string>
    </entry>
    <entry>
      <string>reportingrest</string>
      <string>1.14.0-cfl.2</string>
    </entry>
    <entry>
      <string>uiframework</string>
      <string>3.23.0</string>
    </entry>
    <entry>
      <string>event</string>
      <string>2.10.0</string>
    </entry>
    <entry>
      <string>reporting</string>
      <string>1.25.0-cfl.2</string>
    </entry>
    <entry>
      <string>callflows</string>
      <string>1.1.13</string>
    </entry>
    <entry>
      <string>htmlformentryui</string>
      <string>2.0.0-SNAPSHOT</string>
    </entry>
    <entry>
      <string>cfl</string>
      <string>1.5.1-SNAPSHOT</string>
    </entry>
    <entry>
      <string>fhir2</string>
      <string>1.11.0</string>
    </entry>
    <entry>
      <string>appframework</string>
      <string>2.17.0</string>
    </entry>
    <entry>
      <string>webservices.rest</string>
      <string>2.41.0-cfl.2.4b687d</string>
    </entry>
    <entry>
      <string>registrationcore</string>
      <string>1.12.0</string>
    </entry>
    <entry>
      <string>owa</string>
      <string>1.15.0-SNAPSHOT</string>
    </entry>
    <entry>
      <string>vxnaid</string>
      <string>1.0.4-SNAPSHOT</string>
    </entry>
    <entry>
      <string>appui</string>
      <string>1.16.0</string>
    </entry>
    <entry>
      <string>queue</string>
      <string>1.0.0-SNAPSHOT</string>
    </entry>
  </modules>
  <items class="linked-hash-set" id="4">
    <org.openmrs.module.metadatasharing.Item id="5" uuid="21a12045-8853-4eab-917e-3da5ed94462c">
      <id>55320</id>
      <classname>org.openmrs.Concept</classname>
      <dateChanged id="6">2024-08-29 12:02:01</dateChanged>
      <retired>false</retired>
    </org.openmrs.module.metadatasharing.Item>
    <org.openmrs.module.metadatasharing.Item id="7" uuid="3f90a2dd-6f68-410c-bcb9-bcead6f687e5">
      <id>55318</id>
      <classname>org.openmrs.Concept</classname>
      <dateChanged id="8">2024-08-29 12:01:06</dateChanged>
      <retired>false</retired>
    </org.openmrs.module.metadatasharing.Item>
    <org.openmrs.module.metadatasharing.Item id="9" uuid="d2136be4-77e1-45c3-98d6-b20a417bf2b5">
      <id>55316</id>
      <classname>org.openmrs.Concept</classname>
      <dateChanged id="10">2024-08-29 12:00:06</dateChanged>
      <retired>false</retired>
    </org.openmrs.module.metadatasharing.Item>
    <org.openmrs.module.metadatasharing.Item id="11" uuid="7715834c-b500-4edc-a03a-9ad04b9b18f6">
      <id>55322</id>
      <classname>org.openmrs.Concept</classname>
      <dateChanged id="12">2024-08-29 12:03:02</dateChanged>
      <retired>false</retired>
    </org.openmrs.module.metadatasharing.Item>
    <org.openmrs.module.metadatasharing.Item id="13" uuid="0ca74722-0490-417c-899a-f903c171e490">
      <id>55326</id>
      <classname>org.openmrs.Concept</classname>
      <dateChanged id="14">2024-08-29 12:05:06</dateChanged>
      <retired>false</retired>
    </org.openmrs.module.metadatasharing.Item>
    <org.openmrs.module.metadatasharing.Item id="15" uuid="59591249-0bff-4fa9-95c4-793d4137ec17">
      <id>55324</id>
      <classname>org.openmrs.Concept</classname>
      <dateChanged id="16">2024-08-29 12:04:10</dateChanged>
      <retired>false</retired>
    </org.openmrs.module.metadatasharing.Item>
    <org.openmrs.module.metadatasharing.Item id="17" uuid="58e069aa-f5c0-4bf5-97af-b4f95108bea1">
      <id>55317</id>
      <classname>org.openmrs.Concept</classname>
      <dateChanged id="18">2024-08-29 12:00:35</dateChanged>
      <retired>false</retired>
    </org.openmrs.module.metadatasharing.Item>
    <org.openmrs.module.metadatasharing.Item id="19" uuid="1b07042a-f42a-40e1-9eb5-41ed5b6504a8">
      <id>55323</id>
      <classname>org.openmrs.Concept</classname>
      <dateChanged id="20">2024-08-29 12:03:37</dateChanged>
      <retired>false</retired>
    </org.openmrs.module.metadatasharing.Item>
    <org.openmrs.module.metadatasharing.Item id="21" uuid="5e73c5f6-81e3-44dd-a05f-ece939c5bdec">
      <id>55319</id>
      <classname>org.openmrs.Concept</classname>
      <dateChanged id="22">2024-08-29 12:01:30</dateChanged>
      <retired>false</retired>
    </org.openmrs.module.metadatasharing.Item>
    <org.openmrs.module.metadatasharing.Item id="23" uuid="c5705013-a8fe-442c-91df-aee18d15bfab">
      <id>55325</id>
      <classname>org.openmrs.Concept</classname>
      <dateChanged id="24">2024-08-29 12:04:42</dateChanged>
      <retired>false</retired>
    </org.openmrs.module.metadatasharing.Item>
    <org.openmrs.module.metadatasharing.Item id="25" uuid="bb5c9a32-31ef-46e6-8ba7-c3a839e7ad93">
      <id>55315</id>
      <classname>org.openmrs.Concept</classname>
      <dateChanged id="26">2024-08-29 11:59:23</dateChanged>
      <retired>false</retired>
    </org.openmrs.module.metadatasharing.Item>
    <org.openmrs.module.metadatasharing.Item id="27" uuid="a05021d7-2be6-4974-ae9f-5db46b076928">
      <id>55321</id>
      <classname>org.openmrs.Concept</classname>
      <dateChanged id="28">2024-08-29 12:02:31</dateChanged>
      <retired>false</retired>
    </org.openmrs.module.metadatasharing.Item>
  </items>
  <relatedItems class="linked-hash-set" id="29">
    <org.openmrs.module.metadatasharing.Item id="30" uuid="8d4a4ab4-c2cc-11de-8d13-0010c6dffd0f">
      <id>3</id>
      <classname>org.openmrs.ConceptDatatype</classname>
      <dateChanged id="31">2004-02-02 00:00:00</dateChanged>
      <retired>false</retired>
    </org.openmrs.module.metadatasharing.Item>
    <org.openmrs.module.metadatasharing.Item id="32" uuid="8d491e50-c2cc-11de-8d13-0010c6dffd0f">
      <id>7</id>
      <classname>org.openmrs.ConceptClass</classname>
      <dateChanged id="33">2024-08-22 15:11:36</dateChanged>
      <retired>false</retired>
    </org.openmrs.module.metadatasharing.Item>
    <org.openmrs.module.metadatasharing.Item id="34" uuid="7561f0ee-aa03-44de-ac38-25fbbfe2a3cc">
      <id>133033</id>
      <classname>org.openmrs.ConceptName</classname>
      <dateChanged id="35">2024-08-29 12:02:01</dateChanged>
    </org.openmrs.module.metadatasharing.Item>
    <org.openmrs.module.metadatasharing.Item id="36" uuid="8d4a505e-c2cc-11de-8d13-0010c6dffd0f">
      <id>6</id>
      <classname>org.openmrs.ConceptDatatype</classname>
      <dateChanged id="37">2004-07-22 00:00:00</dateChanged>
      <retired>false</retired>
    </org.openmrs.module.metadatasharing.Item>
    <org.openmrs.module.metadatasharing.Item id="38" uuid="223c6217-b87d-40a4-bedb-9f599c8597bc">
      <id>133031</id>
      <classname>org.openmrs.ConceptName</classname>
      <dateChanged id="39">2024-08-29 12:01:06</dateChanged>
    </org.openmrs.module.metadatasharing.Item>
    <org.openmrs.module.metadatasharing.Item id="40" uuid="ed2fe81a-00b8-4c68-ac62-cd2dbd226839">
      <id>133029</id>
      <classname>org.openmrs.ConceptName</classname>
      <dateChanged id="41">2024-08-29 12:00:06</dateChanged>
    </org.openmrs.module.metadatasharing.Item>
    <org.openmrs.module.metadatasharing.Item id="42" uuid="e43908f0-4d56-43c1-9703-c6936074e6e9">
      <id>133035</id>
      <classname>org.openmrs.ConceptName</classname>
      <dateChanged id="43">2024-08-29 12:03:02</dateChanged>
    </org.openmrs.module.metadatasharing.Item>
    <org.openmrs.module.metadatasharing.Item id="44" uuid="eae34c9b-0e8c-4db8-b550-5807ce13fd26">
      <id>133039</id>
      <classname>org.openmrs.ConceptName</classname>
      <dateChanged id="45">2024-08-29 12:05:06</dateChanged>
    </org.openmrs.module.metadatasharing.Item>
    <org.openmrs.module.metadatasharing.Item id="46" uuid="204e1a74-cb2a-49d1-b0ee-6d2a929e2ce5">
      <id>133037</id>
      <classname>org.openmrs.ConceptName</classname>
      <dateChanged id="47">2024-08-29 12:04:10</dateChanged>
    </org.openmrs.module.metadatasharing.Item>
    <org.openmrs.module.metadatasharing.Item id="48" uuid="aa6ec3f2-06dc-497e-a175-7b72f1ea0696">
      <id>133030</id>
      <classname>org.openmrs.ConceptName</classname>
      <dateChanged id="49">2024-08-29 12:00:35</dateChanged>
    </org.openmrs.module.metadatasharing.Item>
    <org.openmrs.module.metadatasharing.Item id="50" uuid="c5988d90-ea5f-4f65-96ba-9725ad19a0bd">
      <id>133036</id>
      <classname>org.openmrs.ConceptName</classname>
      <dateChanged id="51">2024-08-29 12:03:37</dateChanged>
    </org.openmrs.module.metadatasharing.Item>
    <org.openmrs.module.metadatasharing.Item id="52" uuid="210d46f3-b59e-4075-bb8b-46472f5746b9">
      <id>133032</id>
      <classname>org.openmrs.ConceptName</classname>
      <dateChanged id="53">2024-08-29 12:01:30</dateChanged>
    </org.openmrs.module.metadatasharing.Item>
    <org.openmrs.module.metadatasharing.Item id="54" uuid="0df73e71-ae50-4686-b5de-10a0684a4e37">
      <id>133038</id>
      <classname>org.openmrs.ConceptName</classname>
      <dateChanged id="55">2024-08-29 12:04:42</dateChanged>
    </org.openmrs.module.metadatasharing.Item>
    <org.openmrs.module.metadatasharing.Item id="56" uuid="011726be-0f29-42c5-b381-f4c546b77d5d">
      <id>133028</id>
      <classname>org.openmrs.ConceptName</classname>
      <dateChanged id="57">2024-08-29 11:59:23</dateChanged>
    </org.openmrs.module.metadatasharing.Item>
    <org.openmrs.module.metadatasharing.Item id="58" uuid="92d4260a-ccca-430e-ab54-3090d324cd62">
      <id>133034</id>
      <classname>org.openmrs.ConceptName</classname>
      <dateChanged id="59">2024-08-29 12:02:31</dateChanged>
    </org.openmrs.module.metadatasharing.Item>
  </relatedItems>
</package>
