<?xml version="1.0" encoding="UTF-8"?>
<list id="1">
  <org.openmrs.Concept id="2" uuid="21a12045-8853-4eab-917e-3da5ed94462c">
    <conceptId>55320</conceptId>
    <retired>false</retired>
    <datatype id="3" resolves-to="org.openmrs.ConceptDatatype" uuid="8d4a4ab4-c2cc-11de-8d13-0010c6dffd0f">
      <name>Text</name>
      <description>Free text</description>
      <creator/>
      <dateCreated id="4">2004-02-02 00:00:00</dateCreated>
      <retired>false</retired>
      <conceptDatatypeId>3</conceptDatatypeId>
      <hl7Abbreviation>ST</hl7Abbreviation>
    </datatype>
    <conceptClass id="5" resolves-to="org.openmrs.ConceptClass" uuid="8d491e50-c2cc-11de-8d13-0010c6dffd0f">
      <name>Question</name>
      <description>Question (eg, patient history, SF36 items)</description>
      <creator/>
      <dateCreated id="6">2004-03-02 00:00:00</dateCreated>
      <changedBy/>
      <dateChanged id="7">2024-08-22 15:11:36</dateChanged>
      <retired>false</retired>
      <conceptClassId>7</conceptClassId>
    </conceptClass>
    <set>false</set>
    <creator/>
    <dateCreated id="8">2024-08-29 12:02:01</dateCreated>
    <changedBy/>
    <dateChanged id="9">2024-08-29 12:02:01</dateChanged>
    <names class="set" id="10">
      <org.openmrs.ConceptName id="11" uuid="7561f0ee-aa03-44de-ac38-25fbbfe2a3cc">
        <conceptNameId>133033</conceptNameId>
        <concept reference="2"/>
        <name>Malaria 2 Vxnaid Manufacturer</name>
        <locale id="12">en</locale>
        <creator/>
        <dateCreated id="13">2024-08-29 12:02:01</dateCreated>
        <voided>false</voided>
        <tags class="set" id="14"/>
        <conceptNameType>FULLY_SPECIFIED</conceptNameType>
        <localePreferred>true</localePreferred>
      </org.openmrs.ConceptName>
    </names>
    <answers class="set" id="15"/>
    <conceptSets class="set" id="16"/>
    <descriptions class="set" id="17"/>
    <conceptMappings class="set" id="18"/>
    <attributes id="19"/>
  </org.openmrs.Concept>
  <org.openmrs.Concept id="20" uuid="3f90a2dd-6f68-410c-bcb9-bcead6f687e5">
    <conceptId>55318</conceptId>
    <retired>false</retired>
    <datatype id="21" resolves-to="org.openmrs.ConceptDatatype" uuid="8d4a505e-c2cc-11de-8d13-0010c6dffd0f">
      <name>Date</name>
      <description>Absolute date</description>
      <creator/>
      <dateCreated id="22">2004-07-22 00:00:00</dateCreated>
      <retired>false</retired>
      <conceptDatatypeId>6</conceptDatatypeId>
      <hl7Abbreviation>DT</hl7Abbreviation>
    </datatype>
    <conceptClass reference="5"/>
    <set>false</set>
    <creator/>
    <dateCreated id="23">2024-08-29 12:01:06</dateCreated>
    <changedBy/>
    <dateChanged id="24">2024-08-29 12:01:06</dateChanged>
    <names class="set" id="25">
      <org.openmrs.ConceptName id="26" uuid="223c6217-b87d-40a4-bedb-9f599c8597bc">
        <conceptNameId>133031</conceptNameId>
        <concept reference="20"/>
        <name>Malaria 2 Vxnaid Date</name>
        <locale id="27">en</locale>
        <creator/>
        <dateCreated id="28">2024-08-29 12:01:06</dateCreated>
        <voided>false</voided>
        <tags class="set" id="29"/>
        <conceptNameType>FULLY_SPECIFIED</conceptNameType>
        <localePreferred>true</localePreferred>
      </org.openmrs.ConceptName>
    </names>
    <answers class="set" id="30"/>
    <conceptSets class="set" id="31"/>
    <descriptions class="set" id="32"/>
    <conceptMappings class="set" id="33"/>
    <attributes id="34"/>
  </org.openmrs.Concept>
  <org.openmrs.Concept id="35" uuid="d2136be4-77e1-45c3-98d6-b20a417bf2b5">
    <conceptId>55316</conceptId>
    <retired>false</retired>
    <datatype reference="3"/>
    <conceptClass reference="5"/>
    <set>false</set>
    <creator/>
    <dateCreated id="36">2024-08-29 12:00:06</dateCreated>
    <changedBy/>
    <dateChanged id="37">2024-08-29 12:00:06</dateChanged>
    <names class="set" id="38">
      <org.openmrs.ConceptName id="39" uuid="ed2fe81a-00b8-4c68-ac62-cd2dbd226839">
        <conceptNameId>133029</conceptNameId>
        <concept reference="35"/>
        <name>Malaria 1 Vxnaid Barcode</name>
        <locale id="40">en</locale>
        <creator/>
        <dateCreated id="41">2024-08-29 12:00:06</dateCreated>
        <voided>false</voided>
        <tags class="set" id="42"/>
        <conceptNameType>FULLY_SPECIFIED</conceptNameType>
        <localePreferred>true</localePreferred>
      </org.openmrs.ConceptName>
    </names>
    <answers class="set" id="43"/>
    <conceptSets class="set" id="44"/>
    <descriptions class="set" id="45"/>
    <conceptMappings class="set" id="46"/>
    <attributes id="47"/>
  </org.openmrs.Concept>
  <org.openmrs.Concept id="48" uuid="7715834c-b500-4edc-a03a-9ad04b9b18f6">
    <conceptId>55322</conceptId>
    <retired>false</retired>
    <datatype reference="3"/>
    <conceptClass reference="5"/>
    <set>false</set>
    <creator/>
    <dateCreated id="49">2024-08-29 12:03:02</dateCreated>
    <changedBy/>
    <dateChanged id="50">2024-08-29 12:03:02</dateChanged>
    <names class="set" id="51">
      <org.openmrs.ConceptName id="52" uuid="e43908f0-4d56-43c1-9703-c6936074e6e9">
        <conceptNameId>133035</conceptNameId>
        <concept reference="48"/>
        <name>Malaria 3 Vxnaid Barcode</name>
        <locale id="53">en</locale>
        <creator/>
        <dateCreated id="54">2024-08-29 12:03:02</dateCreated>
        <voided>false</voided>
        <tags class="set" id="55"/>
        <conceptNameType>FULLY_SPECIFIED</conceptNameType>
        <localePreferred>true</localePreferred>
      </org.openmrs.ConceptName>
    </names>
    <answers class="set" id="56"/>
    <conceptSets class="set" id="57"/>
    <descriptions class="set" id="58"/>
    <conceptMappings class="set" id="59"/>
    <attributes id="60"/>
  </org.openmrs.Concept>
  <org.openmrs.Concept id="61" uuid="0ca74722-0490-417c-899a-f903c171e490">
    <conceptId>55326</conceptId>
    <retired>false</retired>
    <datatype reference="3"/>
    <conceptClass reference="5"/>
    <set>false</set>
    <creator/>
    <dateCreated id="62">2024-08-29 12:05:06</dateCreated>
    <changedBy/>
    <dateChanged id="63">2024-08-29 12:05:06</dateChanged>
    <names class="set" id="64">
      <org.openmrs.ConceptName id="65" uuid="eae34c9b-0e8c-4db8-b550-5807ce13fd26">
        <conceptNameId>133039</conceptNameId>
        <concept reference="61"/>
        <name>Malaria 4 Vxnaid Manufacturer</name>
        <locale id="66">en</locale>
        <creator/>
        <dateCreated id="67">2024-08-29 12:05:06</dateCreated>
        <voided>false</voided>
        <tags class="set" id="68"/>
        <conceptNameType>FULLY_SPECIFIED</conceptNameType>
        <localePreferred>true</localePreferred>
      </org.openmrs.ConceptName>
    </names>
    <answers class="set" id="69"/>
    <conceptSets class="set" id="70"/>
    <descriptions class="set" id="71"/>
    <conceptMappings class="set" id="72"/>
    <attributes id="73"/>
  </org.openmrs.Concept>
  <org.openmrs.Concept id="74" uuid="59591249-0bff-4fa9-95c4-793d4137ec17">
    <conceptId>55324</conceptId>
    <retired>false</retired>
    <datatype reference="21"/>
    <conceptClass reference="5"/>
    <set>false</set>
    <creator/>
    <dateCreated id="75">2024-08-29 12:04:10</dateCreated>
    <changedBy/>
    <dateChanged id="76">2024-08-29 12:04:10</dateChanged>
    <names class="set" id="77">
      <org.openmrs.ConceptName id="78" uuid="204e1a74-cb2a-49d1-b0ee-6d2a929e2ce5">
        <conceptNameId>133037</conceptNameId>
        <concept reference="74"/>
        <name>Malaria 4 Vxnaid Date</name>
        <locale id="79">en</locale>
        <creator/>
        <dateCreated id="80">2024-08-29 12:04:10</dateCreated>
        <voided>false</voided>
        <tags class="set" id="81"/>
        <conceptNameType>FULLY_SPECIFIED</conceptNameType>
        <localePreferred>true</localePreferred>
      </org.openmrs.ConceptName>
    </names>
    <answers class="set" id="82"/>
    <conceptSets class="set" id="83"/>
    <descriptions class="set" id="84"/>
    <conceptMappings class="set" id="85"/>
    <attributes id="86"/>
  </org.openmrs.Concept>
  <org.openmrs.Concept id="87" uuid="58e069aa-f5c0-4bf5-97af-b4f95108bea1">
    <conceptId>55317</conceptId>
    <retired>false</retired>
    <datatype reference="3"/>
    <conceptClass reference="5"/>
    <set>false</set>
    <creator/>
    <dateCreated id="88">2024-08-29 12:00:35</dateCreated>
    <changedBy/>
    <dateChanged id="89">2024-08-29 12:00:35</dateChanged>
    <names class="set" id="90">
      <org.openmrs.ConceptName id="91" uuid="aa6ec3f2-06dc-497e-a175-7b72f1ea0696">
        <conceptNameId>133030</conceptNameId>
        <concept reference="87"/>
        <name>Malaria 1 Vxnaid Manufacturer</name>
        <locale id="92">en</locale>
        <creator/>
        <dateCreated id="93">2024-08-29 12:00:35</dateCreated>
        <voided>false</voided>
        <tags class="set" id="94"/>
        <conceptNameType>FULLY_SPECIFIED</conceptNameType>
        <localePreferred>true</localePreferred>
      </org.openmrs.ConceptName>
    </names>
    <answers class="set" id="95"/>
    <conceptSets class="set" id="96"/>
    <descriptions class="set" id="97"/>
    <conceptMappings class="set" id="98"/>
    <attributes id="99"/>
  </org.openmrs.Concept>
  <org.openmrs.Concept id="100" uuid="1b07042a-f42a-40e1-9eb5-41ed5b6504a8">
    <conceptId>55323</conceptId>
    <retired>false</retired>
    <datatype reference="3"/>
    <conceptClass reference="5"/>
    <set>false</set>
    <creator/>
    <dateCreated id="101">2024-08-29 12:03:37</dateCreated>
    <changedBy/>
    <dateChanged id="102">2024-08-29 12:03:37</dateChanged>
    <names class="set" id="103">
      <org.openmrs.ConceptName id="104" uuid="c5988d90-ea5f-4f65-96ba-9725ad19a0bd">
        <conceptNameId>133036</conceptNameId>
        <concept reference="100"/>
        <name>Malaria 3 Vxnaid Manufacturer</name>
        <locale id="105">en</locale>
        <creator/>
        <dateCreated id="106">2024-08-29 12:03:37</dateCreated>
        <voided>false</voided>
        <tags class="set" id="107"/>
        <conceptNameType>FULLY_SPECIFIED</conceptNameType>
        <localePreferred>true</localePreferred>
      </org.openmrs.ConceptName>
    </names>
    <answers class="set" id="108"/>
    <conceptSets class="set" id="109"/>
    <descriptions class="set" id="110"/>
    <conceptMappings class="set" id="111"/>
    <attributes id="112"/>
  </org.openmrs.Concept>
  <org.openmrs.Concept id="113" uuid="5e73c5f6-81e3-44dd-a05f-ece939c5bdec">
    <conceptId>55319</conceptId>
    <retired>false</retired>
    <datatype reference="3"/>
    <conceptClass reference="5"/>
    <set>false</set>
    <creator/>
    <dateCreated id="114">2024-08-29 12:01:30</dateCreated>
    <changedBy/>
    <dateChanged id="115">2024-08-29 12:01:30</dateChanged>
    <names class="set" id="116">
      <org.openmrs.ConceptName id="117" uuid="210d46f3-b59e-4075-bb8b-46472f5746b9">
        <conceptNameId>133032</conceptNameId>
        <concept reference="113"/>
        <name>Malaria 2 Vxnaid Barcode</name>
        <locale id="118">en</locale>
        <creator/>
        <dateCreated id="119">2024-08-29 12:01:30</dateCreated>
        <voided>false</voided>
        <tags class="set" id="120"/>
        <conceptNameType>FULLY_SPECIFIED</conceptNameType>
        <localePreferred>true</localePreferred>
      </org.openmrs.ConceptName>
    </names>
    <answers class="set" id="121"/>
    <conceptSets class="set" id="122"/>
    <descriptions class="set" id="123"/>
    <conceptMappings class="set" id="124"/>
    <attributes id="125"/>
  </org.openmrs.Concept>
  <org.openmrs.Concept id="126" uuid="c5705013-a8fe-442c-91df-aee18d15bfab">
    <conceptId>55325</conceptId>
    <retired>false</retired>
    <datatype reference="3"/>
    <conceptClass reference="5"/>
    <set>false</set>
    <creator/>
    <dateCreated id="127">2024-08-29 12:04:42</dateCreated>
    <changedBy/>
    <dateChanged id="128">2024-08-29 12:04:42</dateChanged>
    <names class="set" id="129">
      <org.openmrs.ConceptName id="130" uuid="0df73e71-ae50-4686-b5de-10a0684a4e37">
        <conceptNameId>133038</conceptNameId>
        <concept reference="126"/>
        <name>Malaria 4 Vxnaid Barcode</name>
        <locale id="131">en</locale>
        <creator/>
        <dateCreated id="132">2024-08-29 12:04:42</dateCreated>
        <voided>false</voided>
        <tags class="set" id="133"/>
        <conceptNameType>FULLY_SPECIFIED</conceptNameType>
        <localePreferred>true</localePreferred>
      </org.openmrs.ConceptName>
    </names>
    <answers class="set" id="134"/>
    <conceptSets class="set" id="135"/>
    <descriptions class="set" id="136"/>
    <conceptMappings class="set" id="137"/>
    <attributes id="138"/>
  </org.openmrs.Concept>
  <org.openmrs.Concept id="139" uuid="bb5c9a32-31ef-46e6-8ba7-c3a839e7ad93">
    <conceptId>55315</conceptId>
    <retired>false</retired>
    <datatype reference="21"/>
    <conceptClass reference="5"/>
    <set>false</set>
    <creator/>
    <dateCreated id="140">2024-08-29 11:59:23</dateCreated>
    <changedBy/>
    <dateChanged id="141">2024-08-29 11:59:23</dateChanged>
    <names class="set" id="142">
      <org.openmrs.ConceptName id="143" uuid="011726be-0f29-42c5-b381-f4c546b77d5d">
        <conceptNameId>133028</conceptNameId>
        <concept reference="139"/>
        <name>Malaria 1 Vxnaid Date</name>
        <locale id="144">en</locale>
        <creator/>
        <dateCreated id="145">2024-08-29 11:59:23</dateCreated>
        <voided>false</voided>
        <tags class="set" id="146"/>
        <conceptNameType>FULLY_SPECIFIED</conceptNameType>
        <localePreferred>true</localePreferred>
      </org.openmrs.ConceptName>
    </names>
    <answers class="set" id="147"/>
    <conceptSets class="set" id="148"/>
    <descriptions class="set" id="149"/>
    <conceptMappings class="set" id="150"/>
    <attributes id="151"/>
  </org.openmrs.Concept>
  <org.openmrs.Concept id="152" uuid="a05021d7-2be6-4974-ae9f-5db46b076928">
    <conceptId>55321</conceptId>
    <retired>false</retired>
    <datatype reference="21"/>
    <conceptClass reference="5"/>
    <set>false</set>
    <creator/>
    <dateCreated id="153">2024-08-29 12:02:31</dateCreated>
    <changedBy/>
    <dateChanged id="154">2024-08-29 12:02:31</dateChanged>
    <names class="set" id="155">
      <org.openmrs.ConceptName id="156" uuid="92d4260a-ccca-430e-ab54-3090d324cd62">
        <conceptNameId>133034</conceptNameId>
        <concept reference="152"/>
        <name>Malaria 3 Vxnaid Date</name>
        <locale id="157">en</locale>
        <creator/>
        <dateCreated id="158">2024-08-29 12:02:31</dateCreated>
        <voided>false</voided>
        <tags class="set" id="159"/>
        <conceptNameType>FULLY_SPECIFIED</conceptNameType>
        <localePreferred>true</localePreferred>
      </org.openmrs.ConceptName>
    </names>
    <answers class="set" id="160"/>
    <conceptSets class="set" id="161"/>
    <descriptions class="set" id="162"/>
    <conceptMappings class="set" id="163"/>
    <attributes id="164"/>
  </org.openmrs.Concept>
</list>
