<?xml version="1.0" encoding="UTF-8"?>
<list id="1">
  <org.openmrs.module.licensemanagement.LicenseType id="2" uuid="e556da28-cbf8-4ebc-b7c3-39203180b934">
    <name>IRIS_MATCHING</name>
    <description>This is the license required to perform an iris match</description>
    <creator/>
    <dateCreated id="3">2021-04-27 00:00:00</dateCreated>
    <changedBy/>
    <dateChanged id="4">2021-09-03 11:45:22</dateChanged>
    <retired>false</retired>
    <licenseTypeId>2</licenseTypeId>
  </org.openmrs.module.licensemanagement.LicenseType>
  <org.openmrs.module.licensemanagement.LicenseType id="5" uuid="c61da854-18d6-4196-84df-607a5ac7f8e1">
    <name>IRIS_CLIENT</name>
    <description>This is the license required to create the Iris template</description>
    <creator/>
    <dateCreated id="6">2021-04-27 00:00:00</dateCreated>
    <retired>false</retired>
    <licenseTypeId>1</licenseTypeId>
  </org.openmrs.module.licensemanagement.LicenseType>
</list>
