<?xml version="1.0" encoding="UTF-8"?>
<package id="1" uuid="0c614cb5-8899-4b38-949f-ac611e9bca87">
  <dateCreated id="2">2024-09-02 09:56:16</dateCreated>
  <name>Referral_concepts</name>
  <description>Package contains concepts related to child referring.</description>
  <openmrsVersion>2.4.6 cfl.3 Build 474fed</openmrsVersion>
  <version>1</version>
  <groupUuid>bb8093f6-6fdb-4630-b0fb-67bf2053b8c2</groupUuid>
  <modules id="3">
    <entry>
      <string>openconceptlab</string>
      <string>2.0.0-SNAPSHOT</string>
    </entry>
    <entry>
      <string>calculation</string>
      <string>1.3.0</string>
    </entry>
    <entry>
      <string>legacyui</string>
      <string>1.16.0</string>
    </entry>
    <entry>
      <string>cfldefault</string>
      <string>1.2.1-SNAPSHOT</string>
    </entry>
    <entry>
      <string>htmlwidgets</string>
      <string>1.11.0</string>
    </entry>
    <entry>
      <string>addresshierarchy</string>
      <string>2.15.1</string>
    </entry>
    <entry>
      <string>reportingui</string>
      <string>1.12.0-SNAPSHOT</string>
    </entry>
    <entry>
      <string>uicommons</string>
      <string>2.23.0</string>
    </entry>
    <entry>
      <string>patientflags</string>
      <string>3.0.5-cfl.1</string>
    </entry>
    <entry>
      <string>emrapi</string>
      <string>1.34.0</string>
    </entry>
    <entry>
      <string>registrationapp</string>
      <string>1.25.0</string>
    </entry>
    <entry>
      <string>appointments</string>
      <string>1.6.0-SNAPSHOT</string>
    </entry>
    <entry>
      <string>idgen</string>
      <string>4.9.0</string>
    </entry>
    <entry>
      <string>spa</string>
      <string>1.0.9-SNAPSHOT</string>
    </entry>
    <entry>
      <string>htmlformentry</string>
      <string>4.0.1-cfl.1</string>
    </entry>
    <entry>
      <string>o3forms</string>
      <string>2.2.0</string>
    </entry>
    <entry>
      <string>etllite</string>
      <string>1.1.11</string>
    </entry>
    <entry>
      <string>reportingcompatibility</string>
      <string>2.0.9</string>
    </entry>
    <entry>
      <string>vxnaidlicensemanagement</string>
      <string>1.1.5</string>
    </entry>
    <entry>
      <string>uilibrary</string>
      <string>2.0.7</string>
    </entry>
    <entry>
      <string>locationbasedaccess</string>
      <string>0.3.0-SNAPSHOT</string>
    </entry>
    <entry>
      <string>adminui</string>
      <string>1.6.0</string>
    </entry>
    <entry>
      <string>vxnaidbiometric</string>
      <string>1.3.0-vrvu.1</string>
    </entry>
    <entry>
      <string>files</string>
      <string>1.0.0</string>
    </entry>
    <entry>
      <string>messages</string>
      <string>1.8.2-SNAPSHOT</string>
    </entry>
    <entry>
      <string>metadatamapping</string>
      <string>1.6.0</string>
    </entry>
    <entry>
      <string>coreapps</string>
      <string>1.39.0</string>
    </entry>
    <entry>
      <string>cflcore</string>
      <string>1.12.1-SNAPSHOT</string>
    </entry>
    <entry>
      <string>serialization.xstream</string>
      <string>0.2.16</string>
    </entry>
    <entry>
      <string>dhisconnector</string>
      <string>1.5.7-SNAPSHOT</string>
    </entry>
    <entry>
      <string>metadatadeploy</string>
      <string>1.13.0</string>
    </entry>
    <entry>
      <string>metadatasharing</string>
      <string>1.9.0</string>
    </entry>
    <entry>
      <string>cohort</string>
      <string>3.1.0-SNAPSHOT</string>
    </entry>
    <entry>
      <string>allergyui</string>
      <string>1.8.6-SNAPSHOT</string>
    </entry>
    <entry>
      <string>formentryapp</string>
      <string>1.4.3</string>
    </entry>
    <entry>
      <string>providermanagement</string>
      <string>2.14.0</string>
    </entry>
    <entry>
      <string>visits</string>
      <string>1.6.1-SNAPSHOT</string>
    </entry>
    <entry>
      <string>multiproject</string>
      <string>1.0.0</string>
    </entry>
    <entry>
      <string>sms</string>
      <string>1.3.1</string>
    </entry>
    <entry>
      <string>cflcharts</string>
      <string>1.2.2-SNAPSHOT</string>
    </entry>
    <entry>
      <string>reportingrest</string>
      <string>1.14.0-cfl.2</string>
    </entry>
    <entry>
      <string>uiframework</string>
      <string>3.23.0</string>
    </entry>
    <entry>
      <string>event</string>
      <string>2.10.0</string>
    </entry>
    <entry>
      <string>reporting</string>
      <string>1.25.0-cfl.2</string>
    </entry>
    <entry>
      <string>callflows</string>
      <string>1.1.13</string>
    </entry>
    <entry>
      <string>htmlformentryui</string>
      <string>2.0.0-SNAPSHOT</string>
    </entry>
    <entry>
      <string>cfl</string>
      <string>1.5.1-SNAPSHOT</string>
    </entry>
    <entry>
      <string>fhir2</string>
      <string>1.11.0</string>
    </entry>
    <entry>
      <string>appframework</string>
      <string>2.17.0</string>
    </entry>
    <entry>
      <string>webservices.rest</string>
      <string>2.41.0-cfl.2.4b687d</string>
    </entry>
    <entry>
      <string>registrationcore</string>
      <string>1.12.0</string>
    </entry>
    <entry>
      <string>owa</string>
      <string>1.15.0-SNAPSHOT</string>
    </entry>
    <entry>
      <string>vxnaid</string>
      <string>1.0.4-SNAPSHOT</string>
    </entry>
    <entry>
      <string>appui</string>
      <string>1.16.0</string>
    </entry>
    <entry>
      <string>queue</string>
      <string>1.0.0-SNAPSHOT</string>
    </entry>
  </modules>
  <items class="linked-hash-set" id="4">
    <org.openmrs.module.metadatasharing.Item id="5" uuid="f7f63492-94ef-4e06-9d47-d0a1e582d540">
      <id>55328</id>
      <classname>org.openmrs.Concept</classname>
      <dateChanged id="6">2024-08-29 15:53:05</dateChanged>
      <retired>false</retired>
    </org.openmrs.module.metadatasharing.Item>
    <org.openmrs.module.metadatasharing.Item id="7" uuid="f4573b2d-2f23-4e53-b1ef-87cf287f4375">
      <id>55327</id>
      <classname>org.openmrs.Concept</classname>
      <dateChanged id="8">2024-08-29 15:52:24</dateChanged>
      <retired>false</retired>
    </org.openmrs.module.metadatasharing.Item>
  </items>
  <relatedItems class="linked-hash-set" id="9">
    <org.openmrs.module.metadatasharing.Item id="10" uuid="8d4a4ab4-c2cc-11de-8d13-0010c6dffd0f">
      <id>3</id>
      <classname>org.openmrs.ConceptDatatype</classname>
      <dateChanged id="11">2004-02-02 00:00:00</dateChanged>
      <retired>false</retired>
    </org.openmrs.module.metadatasharing.Item>
    <org.openmrs.module.metadatasharing.Item id="12" uuid="8d491e50-c2cc-11de-8d13-0010c6dffd0f">
      <id>7</id>
      <classname>org.openmrs.ConceptClass</classname>
      <dateChanged id="13">2024-08-29 13:26:38</dateChanged>
      <retired>false</retired>
    </org.openmrs.module.metadatasharing.Item>
    <org.openmrs.module.metadatasharing.Item id="14" uuid="06dd3163-3447-452c-a939-f7da5b4e165e">
      <id>133041</id>
      <classname>org.openmrs.ConceptName</classname>
      <dateChanged id="15">2024-08-29 15:53:05</dateChanged>
    </org.openmrs.module.metadatasharing.Item>
    <org.openmrs.module.metadatasharing.Item id="16" uuid="7db4bf10-44cb-4a32-9f10-b1a85c0a2019">
      <id>133040</id>
      <classname>org.openmrs.ConceptName</classname>
      <dateChanged id="17">2024-08-29 15:52:24</dateChanged>
    </org.openmrs.module.metadatasharing.Item>
  </relatedItems>
</package>
