<?xml version="1.0" encoding="UTF-8"?>
<list id="1">
  <org.openmrs.Concept id="2" uuid="f7f63492-94ef-4e06-9d47-d0a1e582d540">
    <conceptId>55328</conceptId>
    <retired>false</retired>
    <datatype id="3" resolves-to="org.openmrs.ConceptDatatype" uuid="8d4a4ab4-c2cc-11de-8d13-0010c6dffd0f">
      <name>Text</name>
      <description>Free text</description>
      <creator/>
      <dateCreated id="4">2004-02-02 00:00:00</dateCreated>
      <retired>false</retired>
      <conceptDatatypeId>3</conceptDatatypeId>
      <hl7Abbreviation>ST</hl7Abbreviation>
    </datatype>
    <conceptClass id="5" resolves-to="org.openmrs.ConceptClass" uuid="8d491e50-c2cc-11de-8d13-0010c6dffd0f">
      <name>Question</name>
      <description>Question (eg, patient history, SF36 items)</description>
      <creator/>
      <dateCreated id="6">2004-03-02 00:00:00</dateCreated>
      <changedBy/>
      <dateChanged id="7">2024-08-29 13:26:38</dateChanged>
      <retired>false</retired>
      <conceptClassId>7</conceptClassId>
    </conceptClass>
    <set>false</set>
    <creator/>
    <dateCreated id="8">2024-08-29 15:53:05</dateCreated>
    <changedBy/>
    <dateChanged id="9">2024-08-29 15:53:05</dateChanged>
    <names class="set" id="10">
      <org.openmrs.ConceptName id="11" uuid="06dd3163-3447-452c-a939-f7da5b4e165e">
        <conceptNameId>133041</conceptNameId>
        <concept reference="2"/>
        <name>Referral Additional Info Vxnaid</name>
        <locale id="12">en</locale>
        <creator/>
        <dateCreated id="13">2024-08-29 15:53:05</dateCreated>
        <voided>false</voided>
        <tags class="set" id="14"/>
        <conceptNameType>FULLY_SPECIFIED</conceptNameType>
        <localePreferred>true</localePreferred>
      </org.openmrs.ConceptName>
    </names>
    <answers class="set" id="15"/>
    <conceptSets class="set" id="16"/>
    <descriptions class="set" id="17"/>
    <conceptMappings class="set" id="18"/>
    <attributes id="19"/>
  </org.openmrs.Concept>
  <org.openmrs.Concept id="20" uuid="f4573b2d-2f23-4e53-b1ef-87cf287f4375">
    <conceptId>55327</conceptId>
    <retired>false</retired>
    <datatype reference="3"/>
    <conceptClass reference="5"/>
    <set>false</set>
    <creator/>
    <dateCreated id="21">2024-08-29 15:52:24</dateCreated>
    <changedBy/>
    <dateChanged id="22">2024-08-29 15:52:24</dateChanged>
    <names class="set" id="23">
      <org.openmrs.ConceptName id="24" uuid="7db4bf10-44cb-4a32-9f10-b1a85c0a2019">
        <conceptNameId>133040</conceptNameId>
        <concept reference="20"/>
        <name>Referral Clinic Vxnaid</name>
        <locale id="25">en</locale>
        <creator/>
        <dateCreated id="26">2024-08-29 15:52:24</dateCreated>
        <voided>false</voided>
        <tags class="set" id="27"/>
        <conceptNameType>FULLY_SPECIFIED</conceptNameType>
        <localePreferred>true</localePreferred>
      </org.openmrs.ConceptName>
    </names>
    <answers class="set" id="28"/>
    <conceptSets class="set" id="29"/>
    <descriptions class="set" id="30"/>
    <conceptMappings class="set" id="31"/>
    <attributes id="32"/>
  </org.openmrs.Concept>
</list>
