<?xml version="1.0" encoding="UTF-8"?>
<list id="1">
  <org.openmrs.Concept id="2" uuid="4f35d32c-5ef4-4528-b45f-e4cf3abf9466">
    <conceptId>3</conceptId>
    <retired>false</retired>
    <datatype id="3" resolves-to="org.openmrs.ConceptDatatype" uuid="8d4a4ab4-c2cc-11de-8d13-0010c6dffd0f">
      <name>Text</name>
      <description>Free text</description>
      <creator/>
      <dateCreated id="4">2004-02-02 00:00:00</dateCreated>
      <retired>false</retired>
      <conceptDatatypeId>3</conceptDatatypeId>
      <hl7Abbreviation>ST</hl7Abbreviation>
    </datatype>
    <conceptClass id="5" resolves-to="org.openmrs.ConceptClass" uuid="8d491e50-c2cc-11de-8d13-0010c6dffd0f">
      <name>Question</name>
      <description>Question (eg, patient history, SF36 items)</description>
      <creator/>
      <dateCreated id="6">2004-03-02 00:00:00</dateCreated>
      <changedBy/>
      <dateChanged id="7">2022-05-05 14:42:37</dateChanged>
      <retired>false</retired>
      <conceptClassId>7</conceptClassId>
    </conceptClass>
    <set>false</set>
    <creator/>
    <dateCreated id="8">2022-05-05 13:10:51</dateCreated>
    <names class="set" id="9">
      <org.openmrs.ConceptName id="10" uuid="63452286-6c6f-405a-bfb1-94f3b55384c5">
        <conceptNameId>21</conceptNameId>
        <concept reference="2"/>
        <name>Barcode</name>
        <locale id="11">en</locale>
        <creator/>
        <dateCreated id="12">2022-05-05 13:10:51</dateCreated>
        <voided>false</voided>
        <tags class="set" id="13"/>
        <conceptNameType>FULLY_SPECIFIED</conceptNameType>
        <localePreferred>true</localePreferred>
      </org.openmrs.ConceptName>
    </names>
    <answers class="set" id="14"/>
    <conceptSets class="set" id="15"/>
    <descriptions class="set" id="16"/>
    <conceptMappings class="set" id="17"/>
    <attributes id="18"/>
  </org.openmrs.Concept>
</list>
