<?xml version="1.0" encoding="UTF-8"?>
<package id="1" uuid="ec2cd86e-b475-4028-bbf0-41240568885b">
  <dateCreated id="2">2022-03-23 08:50:12</dateCreated>
  <name>Device_Attribute_Types</name>
  <description>The License Management&apos;s Device Attribute Type</description>
  <openmrsVersion>2.3.0  Build b3ade0</openmrsVersion>
  <version>1</version>
  <groupUuid>0d9a8e72-508b-4d40-b141-2b60183743d2</groupUuid>
  <modules id="3">
    <entry>
      <string>calculation</string>
      <string>1.2</string>
    </entry>
    <entry>
      <string>legacyui</string>
      <string>1.6.0</string>
    </entry>
    <entry>
      <string>referenceapplication</string>
      <string>2.10.0</string>
    </entry>
    <entry>
      <string>appointmentscheduling</string>
      <string>1.12.0</string>
    </entry>
    <entry>
      <string>appointmentschedulingui</string>
      <string>1.9.0</string>
    </entry>
    <entry>
      <string>htmlwidgets</string>
      <string>1.10.0</string>
    </entry>
    <entry>
      <string>dataexchange</string>
      <string>1.3.4</string>
    </entry>
    <entry>
      <string>referencedemodata</string>
      <string>1.4.5</string>
    </entry>
    <entry>
      <string>addresshierarchy</string>
      <string>2.11.0</string>
    </entry>
    <entry>
      <string>reportingui</string>
      <string>1.6.0</string>
    </entry>
    <entry>
      <string>referencemetadata</string>
      <string>2.10.2</string>
    </entry>
    <entry>
      <string>uicommons</string>
      <string>2.14.0-SNAPSHOT</string>
    </entry>
    <entry>
      <string>patientflags</string>
      <string>3.0.2</string>
    </entry>
    <entry>
      <string>emrapi</string>
      <string>1.29.0-SNAPSHOT</string>
    </entry>
    <entry>
      <string>biometric</string>
      <string>1.2.1</string>
    </entry>
    <entry>
      <string>registrationapp</string>
      <string>1.20.0-SNAPSHOT</string>
    </entry>
    <entry>
      <string>idgen</string>
      <string>4.5.0</string>
    </entry>
    <entry>
      <string>htmlformentry</string>
      <string>4.0.0</string>
    </entry>
    <entry>
      <string>etllite</string>
      <string>1.1.4</string>
    </entry>
    <entry>
      <string>licensemanagement</string>
      <string>1.1.1</string>
    </entry>
    <entry>
      <string>reportingcompatibility</string>
      <string>2.0.6</string>
    </entry>
    <entry>
      <string>cfldistribution</string>
      <string>1.2.3</string>
    </entry>
    <entry>
      <string>uilibrary</string>
      <string>2.0.6</string>
    </entry>
    <entry>
      <string>locationbasedaccess</string>
      <string>0.3.0-SNAPSHOT</string>
    </entry>
    <entry>
      <string>adminui</string>
      <string>1.3.0</string>
    </entry>
    <entry>
      <string>messages</string>
      <string>1.5.0</string>
    </entry>
    <entry>
      <string>metadatamapping</string>
      <string>1.3.4</string>
    </entry>
    <entry>
      <string>coreapps</string>
      <string>1.29.0</string>
    </entry>
    <entry>
      <string>serialization.xstream</string>
      <string>0.2.14</string>
    </entry>
    <entry>
      <string>cfldistribution-vmp</string>
      <string>1.0.0</string>
    </entry>
    <entry>
      <string>attachments</string>
      <string>2.4.0</string>
    </entry>
    <entry>
      <string>metadatadeploy</string>
      <string>1.11.0</string>
    </entry>
    <entry>
      <string>fhir</string>
      <string>1.20.0</string>
    </entry>
    <entry>
      <string>metadatasharing</string>
      <string>1.6.0</string>
    </entry>
    <entry>
      <string>allergyui</string>
      <string>1.8.3-SNAPSHOT</string>
    </entry>
    <entry>
      <string>formentryapp</string>
      <string>1.4.2</string>
    </entry>
    <entry>
      <string>providermanagement</string>
      <string>2.10.0</string>
    </entry>
    <entry>
      <string>visits</string>
      <string>1.3.2</string>
    </entry>
    <entry>
      <string>sms</string>
      <string>1.2.1</string>
    </entry>
    <entry>
      <string>reportingrest</string>
      <string>1.11.0</string>
    </entry>
    <entry>
      <string>uiframework</string>
      <string>3.19.0</string>
    </entry>
    <entry>
      <string>event</string>
      <string>2.9.0-SNAPSHOT</string>
    </entry>
    <entry>
      <string>reporting</string>
      <string>1.21.0-SNAPSHOT</string>
    </entry>
    <entry>
      <string>callflows</string>
      <string>1.1.4</string>
    </entry>
    <entry>
      <string>htmlformentryui</string>
      <string>2.0.0-SNAPSHOT</string>
    </entry>
    <entry>
      <string>cfl</string>
      <string>1.8.0</string>
    </entry>
    <entry>
      <string>appframework</string>
      <string>2.15.0-SNAPSHOT</string>
    </entry>
    <entry>
      <string>webservices.rest</string>
      <string>2.29.1-SNAPSHOT.ccf336</string>
    </entry>
    <entry>
      <string>registrationcore</string>
      <string>1.9.0</string>
    </entry>
    <entry>
      <string>owa</string>
      <string>1.10.0</string>
    </entry>
    <entry>
      <string>appui</string>
      <string>1.13.0-SNAPSHOT</string>
    </entry>
  </modules>
  <items class="linked-hash-set" id="4">
    <org.openmrs.module.metadatasharing.Item id="5" uuid="0bdd5b8a-6821-4cdc-90d2-6aea247a089b">
      <id>2</id>
      <classname>org.openmrs.module.licensemanagement.DeviceAttributeType</classname>
      <dateChanged id="6">2021-04-27 00:00:00</dateChanged>
      <retired>false</retired>
    </org.openmrs.module.metadatasharing.Item>
    <org.openmrs.module.metadatasharing.Item id="7" uuid="23b65272-cec7-4668-88b9-91767bd26af8">
      <id>3</id>
      <classname>org.openmrs.module.licensemanagement.DeviceAttributeType</classname>
      <dateChanged id="8">2021-06-09 05:15:46</dateChanged>
      <retired>false</retired>
    </org.openmrs.module.metadatasharing.Item>
    <org.openmrs.module.metadatasharing.Item id="9" uuid="552afb27-fd8d-4674-b4b2-f093580288a4">
      <id>5</id>
      <classname>org.openmrs.module.licensemanagement.DeviceAttributeType</classname>
      <dateChanged id="10">2021-10-26 06:27:03</dateChanged>
      <retired>false</retired>
    </org.openmrs.module.metadatasharing.Item>
    <org.openmrs.module.metadatasharing.Item id="11" uuid="72c47a7f-e7e2-490b-8c4b-1e9b180099b0">
      <id>4</id>
      <classname>org.openmrs.module.licensemanagement.DeviceAttributeType</classname>
      <dateChanged id="12">2021-06-09 05:16:18</dateChanged>
      <retired>false</retired>
    </org.openmrs.module.metadatasharing.Item>
    <org.openmrs.module.metadatasharing.Item id="13" uuid="778b1d75-f2e1-4444-b4db-e797ee7cec12">
      <id>1</id>
      <classname>org.openmrs.module.licensemanagement.DeviceAttributeType</classname>
      <dateChanged id="14">2021-04-27 00:00:00</dateChanged>
      <retired>false</retired>
    </org.openmrs.module.metadatasharing.Item>
  </items>
  <relatedItems class="linked-hash-set" id="15"/>
</package>
