<?xml version="1.0" encoding="UTF-8"?>
<list id="1">
  <org.openmrs.module.licensemanagement.DeviceAttributeType id="2" uuid="0bdd5b8a-6821-4cdc-90d2-6aea247a089b">
    <name>IRIS_MATCHING</name>
    <creator/>
    <dateCreated id="3">2021-04-27 00:00:00</dateCreated>
    <retired>false</retired>
    <minOccurs>1</minOccurs>
    <maxOccurs>1</maxOccurs>
    <datatypeClassname>org.openmrs.module.licensemanagement.customdatatype.datatype.LicenseDatatype</datatypeClassname>
    <deviceAttributeTypeId>2</deviceAttributeTypeId>
  </org.openmrs.module.licensemanagement.DeviceAttributeType>
  <org.openmrs.module.licensemanagement.DeviceAttributeType id="4" uuid="23b65272-cec7-4668-88b9-91767bd26af8">
    <name>SYNC_COMPLETED_DATE</name>
    <description>SYNC_COMPLETED_DATE</description>
    <creator/>
    <dateCreated id="5">2021-06-09 05:15:46</dateCreated>
    <retired>false</retired>
    <minOccurs>0</minOccurs>
    <datatypeClassname>org.openmrs.customdatatype.datatype.FreeTextDatatype</datatypeClassname>
    <deviceAttributeTypeId>3</deviceAttributeTypeId>
  </org.openmrs.module.licensemanagement.DeviceAttributeType>
  <org.openmrs.module.licensemanagement.DeviceAttributeType id="6" uuid="552afb27-fd8d-4674-b4b2-f093580288a4">
    <name>LOCATION_UUID</name>
    <creator/>
    <dateCreated id="7">2021-10-26 06:27:03</dateCreated>
    <retired>false</retired>
    <minOccurs>0</minOccurs>
    <datatypeClassname>org.openmrs.customdatatype.datatype.FreeTextDatatype</datatypeClassname>
    <deviceAttributeTypeId>5</deviceAttributeTypeId>
  </org.openmrs.module.licensemanagement.DeviceAttributeType>
  <org.openmrs.module.licensemanagement.DeviceAttributeType id="8" uuid="72c47a7f-e7e2-490b-8c4b-1e9b180099b0">
    <name>LAST_SYNC_DATE</name>
    <description>LAST_SYNC_DATE</description>
    <creator/>
    <dateCreated id="9">2021-06-09 05:16:18</dateCreated>
    <retired>false</retired>
    <minOccurs>0</minOccurs>
    <datatypeClassname>org.openmrs.customdatatype.datatype.FreeTextDatatype</datatypeClassname>
    <deviceAttributeTypeId>4</deviceAttributeTypeId>
  </org.openmrs.module.licensemanagement.DeviceAttributeType>
  <org.openmrs.module.licensemanagement.DeviceAttributeType id="10" uuid="778b1d75-f2e1-4444-b4db-e797ee7cec12">
    <name>IRIS_CLIENT</name>
    <creator/>
    <dateCreated id="11">2021-04-27 00:00:00</dateCreated>
    <retired>false</retired>
    <minOccurs>1</minOccurs>
    <maxOccurs>1</maxOccurs>
    <datatypeClassname>org.openmrs.module.licensemanagement.customdatatype.datatype.LicenseDatatype</datatypeClassname>
    <deviceAttributeTypeId>1</deviceAttributeTypeId>
  </org.openmrs.module.licensemanagement.DeviceAttributeType>
</list>
