<?xml version="1.0" encoding="UTF-8"?>
<package id="1" uuid="61e8f9d8-d97e-4b52-a677-d112ef5effb1">
  <dateCreated id="2">2024-08-22 09:06:37</dateCreated>
  <name>Substance_concepts</name>
  <description>Package contains needed concepts related to vaccines/vitamins/other substances.</description>
  <openmrsVersion>2.4.6 cfl.3 Build 474fed</openmrsVersion>
  <version>2</version>
  <groupUuid>ca771f64-b7eb-4bf8-b08d-a3f396590da9</groupUuid>
  <modules id="3">
    <entry>
      <string>openconceptlab</string>
      <string>2.0.0-SNAPSHOT</string>
    </entry>
    <entry>
      <string>calculation</string>
      <string>1.3.0</string>
    </entry>
    <entry>
      <string>legacyui</string>
      <string>1.16.0</string>
    </entry>
    <entry>
      <string>cfldefault</string>
      <string>1.2.1-SNAPSHOT</string>
    </entry>
    <entry>
      <string>htmlwidgets</string>
      <string>1.11.0</string>
    </entry>
    <entry>
      <string>addresshierarchy</string>
      <string>2.15.1</string>
    </entry>
    <entry>
      <string>reportingui</string>
      <string>1.12.0-SNAPSHOT</string>
    </entry>
    <entry>
      <string>uicommons</string>
      <string>2.23.0</string>
    </entry>
    <entry>
      <string>patientflags</string>
      <string>3.0.5-cfl.1</string>
    </entry>
    <entry>
      <string>emrapi</string>
      <string>1.34.0</string>
    </entry>
    <entry>
      <string>registrationapp</string>
      <string>1.25.0</string>
    </entry>
    <entry>
      <string>appointments</string>
      <string>1.6.0-SNAPSHOT</string>
    </entry>
    <entry>
      <string>idgen</string>
      <string>4.9.0</string>
    </entry>
    <entry>
      <string>spa</string>
      <string>1.0.9-SNAPSHOT</string>
    </entry>
    <entry>
      <string>htmlformentry</string>
      <string>4.0.1-cfl.1</string>
    </entry>
    <entry>
      <string>o3forms</string>
      <string>2.2.0</string>
    </entry>
    <entry>
      <string>etllite</string>
      <string>1.1.11</string>
    </entry>
    <entry>
      <string>reportingcompatibility</string>
      <string>2.0.9</string>
    </entry>
    <entry>
      <string>vxnaidlicensemanagement</string>
      <string>1.1.5</string>
    </entry>
    <entry>
      <string>uilibrary</string>
      <string>2.0.7</string>
    </entry>
    <entry>
      <string>locationbasedaccess</string>
      <string>0.3.0-SNAPSHOT</string>
    </entry>
    <entry>
      <string>adminui</string>
      <string>1.6.0</string>
    </entry>
    <entry>
      <string>vxnaidbiometric</string>
      <string>1.3.0-vrvu.1</string>
    </entry>
    <entry>
      <string>files</string>
      <string>1.0.0</string>
    </entry>
    <entry>
      <string>messages</string>
      <string>1.8.2-SNAPSHOT</string>
    </entry>
    <entry>
      <string>metadatamapping</string>
      <string>1.6.0</string>
    </entry>
    <entry>
      <string>coreapps</string>
      <string>1.39.0</string>
    </entry>
    <entry>
      <string>cflcore</string>
      <string>1.12.1-SNAPSHOT</string>
    </entry>
    <entry>
      <string>serialization.xstream</string>
      <string>0.2.16</string>
    </entry>
    <entry>
      <string>dhisconnector</string>
      <string>1.5.7-SNAPSHOT</string>
    </entry>
    <entry>
      <string>metadatadeploy</string>
      <string>1.13.0</string>
    </entry>
    <entry>
      <string>metadatasharing</string>
      <string>1.9.0</string>
    </entry>
    <entry>
      <string>cohort</string>
      <string>3.1.0-SNAPSHOT</string>
    </entry>
    <entry>
      <string>allergyui</string>
      <string>1.8.6-SNAPSHOT</string>
    </entry>
    <entry>
      <string>formentryapp</string>
      <string>1.4.3</string>
    </entry>
    <entry>
      <string>providermanagement</string>
      <string>2.14.0</string>
    </entry>
    <entry>
      <string>visits</string>
      <string>1.6.1-SNAPSHOT</string>
    </entry>
    <entry>
      <string>multiproject</string>
      <string>1.0.0</string>
    </entry>
    <entry>
      <string>sms</string>
      <string>1.3.1</string>
    </entry>
    <entry>
      <string>cflcharts</string>
      <string>1.2.2-SNAPSHOT</string>
    </entry>
    <entry>
      <string>reportingrest</string>
      <string>1.14.0-cfl.2</string>
    </entry>
    <entry>
      <string>uiframework</string>
      <string>3.23.0</string>
    </entry>
    <entry>
      <string>event</string>
      <string>2.10.0</string>
    </entry>
    <entry>
      <string>reporting</string>
      <string>1.25.0-cfl.2</string>
    </entry>
    <entry>
      <string>callflows</string>
      <string>1.1.13</string>
    </entry>
    <entry>
      <string>htmlformentryui</string>
      <string>2.0.0-SNAPSHOT</string>
    </entry>
    <entry>
      <string>cfl</string>
      <string>1.5.1-SNAPSHOT</string>
    </entry>
    <entry>
      <string>fhir2</string>
      <string>1.11.0</string>
    </entry>
    <entry>
      <string>appframework</string>
      <string>2.17.0</string>
    </entry>
    <entry>
      <string>webservices.rest</string>
      <string>2.41.0-cfl.2.4b687d</string>
    </entry>
    <entry>
      <string>registrationcore</string>
      <string>1.12.0</string>
    </entry>
    <entry>
      <string>owa</string>
      <string>1.15.0-SNAPSHOT</string>
    </entry>
    <entry>
      <string>vxnaid</string>
      <string>1.0.3</string>
    </entry>
    <entry>
      <string>appui</string>
      <string>1.16.0</string>
    </entry>
    <entry>
      <string>queue</string>
      <string>1.0.0-SNAPSHOT</string>
    </entry>
  </modules>
  <items class="linked-hash-set" id="4">
    <org.openmrs.module.metadatasharing.Item id="5" uuid="ee252f8d-8876-425c-9c30-2f00fde049ba">
      <id>55268</id>
      <classname>org.openmrs.Concept</classname>
      <dateChanged id="6">2024-08-22 08:16:46</dateChanged>
      <retired>false</retired>
    </org.openmrs.module.metadatasharing.Item>
    <org.openmrs.module.metadatasharing.Item id="7" uuid="91694968-c23d-4701-9dce-0312081f9a15">
      <id>55263</id>
      <classname>org.openmrs.Concept</classname>
      <dateChanged id="8">2024-08-22 08:48:21</dateChanged>
      <retired>false</retired>
    </org.openmrs.module.metadatasharing.Item>
    <org.openmrs.module.metadatasharing.Item id="9" uuid="08a45fa3-0228-4119-aab8-2dbd7ba3971a">
      <id>55312</id>
      <classname>org.openmrs.Concept</classname>
      <dateChanged id="10">2024-08-22 09:00:50</dateChanged>
      <retired>false</retired>
    </org.openmrs.module.metadatasharing.Item>
    <org.openmrs.module.metadatasharing.Item id="11" uuid="aa067da1-d6a5-43e7-8c5d-1b6836496e11">
      <id>55269</id>
      <classname>org.openmrs.Concept</classname>
      <dateChanged id="12">2024-08-22 08:18:46</dateChanged>
      <retired>false</retired>
    </org.openmrs.module.metadatasharing.Item>
    <org.openmrs.module.metadatasharing.Item id="13" uuid="d5680e82-e293-4454-953c-03c7e26826f5">
      <id>55245</id>
      <classname>org.openmrs.Concept</classname>
      <dateChanged id="14">2024-08-22 08:33:33</dateChanged>
      <retired>false</retired>
    </org.openmrs.module.metadatasharing.Item>
    <org.openmrs.module.metadatasharing.Item id="15" uuid="f88e85e2-08e0-4d3e-8e1b-dc71328d637b">
      <id>55285</id>
      <classname>org.openmrs.Concept</classname>
      <dateChanged id="16">2024-08-22 08:32:36</dateChanged>
      <retired>false</retired>
    </org.openmrs.module.metadatasharing.Item>
    <org.openmrs.module.metadatasharing.Item id="17" uuid="5216efc3-325b-4c03-a0b7-51a089c51e6f">
      <id>55284</id>
      <classname>org.openmrs.Concept</classname>
      <dateChanged id="18">2024-08-22 08:31:36</dateChanged>
      <retired>false</retired>
    </org.openmrs.module.metadatasharing.Item>
    <org.openmrs.module.metadatasharing.Item id="19" uuid="24872568-d43b-443f-a6e1-6b97a1ce8018">
      <id>55279</id>
      <classname>org.openmrs.Concept</classname>
      <dateChanged id="20">2024-08-22 08:27:27</dateChanged>
      <retired>false</retired>
    </org.openmrs.module.metadatasharing.Item>
    <org.openmrs.module.metadatasharing.Item id="21" uuid="2006c477-4da8-4dc7-ae63-a615b5ed7606">
      <id>55288</id>
      <classname>org.openmrs.Concept</classname>
      <dateChanged id="22">2024-08-22 08:35:43</dateChanged>
      <retired>false</retired>
    </org.openmrs.module.metadatasharing.Item>
    <org.openmrs.module.metadatasharing.Item id="23" uuid="6c1d0083-6bc9-46c1-b5e2-7c5f7be39e8f">
      <id>55308</id>
      <classname>org.openmrs.Concept</classname>
      <dateChanged id="24">2024-08-22 08:57:04</dateChanged>
      <retired>false</retired>
    </org.openmrs.module.metadatasharing.Item>
    <org.openmrs.module.metadatasharing.Item id="25" uuid="7dd85507-80fd-47c6-919f-edabbc254080">
      <id>55266</id>
      <classname>org.openmrs.Concept</classname>
      <dateChanged id="26">2024-08-22 08:57:38</dateChanged>
      <retired>false</retired>
    </org.openmrs.module.metadatasharing.Item>
    <org.openmrs.module.metadatasharing.Item id="27" uuid="0199e506-de97-4e85-9515-7cc8d49351c1">
      <id>55237</id>
      <classname>org.openmrs.Concept</classname>
      <dateChanged id="28">2024-08-22 08:21:48</dateChanged>
      <retired>false</retired>
    </org.openmrs.module.metadatasharing.Item>
    <org.openmrs.module.metadatasharing.Item id="29" uuid="1215e696-6755-4ebe-871e-a4897baad303">
      <id>55302</id>
      <classname>org.openmrs.Concept</classname>
      <dateChanged id="30">2024-08-22 08:47:44</dateChanged>
      <retired>false</retired>
    </org.openmrs.module.metadatasharing.Item>
    <org.openmrs.module.metadatasharing.Item id="31" uuid="7730ebac-c259-4e86-9d26-1ddae1b4ea00">
      <id>55252</id>
      <classname>org.openmrs.Concept</classname>
      <dateChanged id="32">2024-08-22 08:46:52</dateChanged>
      <retired>false</retired>
    </org.openmrs.module.metadatasharing.Item>
    <org.openmrs.module.metadatasharing.Item id="33" uuid="dbf1de60-5b7c-4db4-aa43-030e6ae0554f">
      <id>55239</id>
      <classname>org.openmrs.Concept</classname>
      <dateChanged id="34">2024-08-22 08:18:08</dateChanged>
      <retired>false</retired>
    </org.openmrs.module.metadatasharing.Item>
    <org.openmrs.module.metadatasharing.Item id="35" uuid="f30163f9-3569-41bb-81cf-da7b3c1e8838">
      <id>55251</id>
      <classname>org.openmrs.Concept</classname>
      <dateChanged id="36">2024-08-22 08:45:13</dateChanged>
      <retired>false</retired>
    </org.openmrs.module.metadatasharing.Item>
    <org.openmrs.module.metadatasharing.Item id="37" uuid="025508b3-9793-4486-9055-f805b039eca5">
      <id>55314</id>
      <classname>org.openmrs.Concept</classname>
      <dateChanged id="38">2024-08-22 09:02:14</dateChanged>
      <retired>false</retired>
    </org.openmrs.module.metadatasharing.Item>
    <org.openmrs.module.metadatasharing.Item id="39" uuid="b46d1552-bd7d-4d5d-8e09-8fa307b87ee1">
      <id>55267</id>
      <classname>org.openmrs.Concept</classname>
      <dateChanged id="40">2024-08-21 16:02:52</dateChanged>
      <retired>false</retired>
    </org.openmrs.module.metadatasharing.Item>
    <org.openmrs.module.metadatasharing.Item id="41" uuid="376e43fc-c06f-47ca-9258-57a3766e4abf">
      <id>55287</id>
      <classname>org.openmrs.Concept</classname>
      <dateChanged id="42">2024-08-22 08:34:06</dateChanged>
      <retired>false</retired>
    </org.openmrs.module.metadatasharing.Item>
    <org.openmrs.module.metadatasharing.Item id="43" uuid="dbbacc86-3c00-4ebe-90a6-d7f1a0b62980">
      <id>55301</id>
      <classname>org.openmrs.Concept</classname>
      <dateChanged id="44">2024-08-22 08:47:18</dateChanged>
      <retired>false</retired>
    </org.openmrs.module.metadatasharing.Item>
    <org.openmrs.module.metadatasharing.Item id="45" uuid="d7c2c3bf-5785-43a6-80cc-77776d827184">
      <id>55265</id>
      <classname>org.openmrs.Concept</classname>
      <dateChanged id="46">2024-08-22 08:56:10</dateChanged>
      <retired>false</retired>
    </org.openmrs.module.metadatasharing.Item>
    <org.openmrs.module.metadatasharing.Item id="47" uuid="1495ebde-550e-454f-83b3-802d3f8c2ee0">
      <id>55313</id>
      <classname>org.openmrs.Concept</classname>
      <dateChanged id="48">2024-08-22 09:01:46</dateChanged>
      <retired>false</retired>
    </org.openmrs.module.metadatasharing.Item>
    <org.openmrs.module.metadatasharing.Item id="49" uuid="9e499185-fbf3-43b5-90e3-7dd8fdd781f2">
      <id>55278</id>
      <classname>org.openmrs.Concept</classname>
      <dateChanged id="50">2024-08-22 08:26:18</dateChanged>
      <retired>false</retired>
    </org.openmrs.module.metadatasharing.Item>
    <org.openmrs.module.metadatasharing.Item id="51" uuid="fc75d1f4-3205-40b2-8f85-16accb303115">
      <id>55250</id>
      <classname>org.openmrs.Concept</classname>
      <dateChanged id="52">2024-08-22 08:43:38</dateChanged>
      <retired>false</retired>
    </org.openmrs.module.metadatasharing.Item>
    <org.openmrs.module.metadatasharing.Item id="53" uuid="9af6c76f-2f71-49fc-a21a-fe280c24b676">
      <id>55241</id>
      <classname>org.openmrs.Concept</classname>
      <dateChanged id="54">2024-08-22 08:26:56</dateChanged>
      <retired>false</retired>
    </org.openmrs.module.metadatasharing.Item>
    <org.openmrs.module.metadatasharing.Item id="55" uuid="658decf2-5ffe-43e6-808f-f90e690ff465">
      <id>55273</id>
      <classname>org.openmrs.Concept</classname>
      <dateChanged id="56">2024-08-22 08:22:15</dateChanged>
      <retired>false</retired>
    </org.openmrs.module.metadatasharing.Item>
    <org.openmrs.module.metadatasharing.Item id="57" uuid="264c0c67-a361-4af4-9e1c-2af56175e007">
      <id>55295</id>
      <classname>org.openmrs.Concept</classname>
      <dateChanged id="58">2024-08-22 08:42:41</dateChanged>
      <retired>false</retired>
    </org.openmrs.module.metadatasharing.Item>
    <org.openmrs.module.metadatasharing.Item id="59" uuid="f58a0f18-455b-48fc-b32f-25602e89c70e">
      <id>55286</id>
      <classname>org.openmrs.Concept</classname>
      <dateChanged id="60">2024-08-22 08:33:03</dateChanged>
      <retired>false</retired>
    </org.openmrs.module.metadatasharing.Item>
    <org.openmrs.module.metadatasharing.Item id="61" uuid="5cf7d227-8c72-483f-8925-42329ec30591">
      <id>55276</id>
      <classname>org.openmrs.Concept</classname>
      <dateChanged id="62">2024-08-22 08:24:16</dateChanged>
      <retired>false</retired>
    </org.openmrs.module.metadatasharing.Item>
    <org.openmrs.module.metadatasharing.Item id="63" uuid="ae3d5c74-8808-42b0-8003-c85705ef7adc">
      <id>55291</id>
      <classname>org.openmrs.Concept</classname>
      <dateChanged id="64">2024-08-22 08:38:47</dateChanged>
      <retired>false</retired>
    </org.openmrs.module.metadatasharing.Item>
    <org.openmrs.module.metadatasharing.Item id="65" uuid="79c10557-6ae7-40fa-9f56-4803d6334195">
      <id>55305</id>
      <classname>org.openmrs.Concept</classname>
      <dateChanged id="66">2024-08-22 08:55:11</dateChanged>
      <retired>false</retired>
    </org.openmrs.module.metadatasharing.Item>
    <org.openmrs.module.metadatasharing.Item id="67" uuid="705d2c98-5dd6-4dcd-ad7d-f6a2edb80ccc">
      <id>55274</id>
      <classname>org.openmrs.Concept</classname>
      <dateChanged id="68">2024-08-22 08:22:50</dateChanged>
      <retired>false</retired>
    </org.openmrs.module.metadatasharing.Item>
    <org.openmrs.module.metadatasharing.Item id="69" uuid="b213a8f7-d258-4a5a-a210-f2169b054ed2">
      <id>55294</id>
      <classname>org.openmrs.Concept</classname>
      <dateChanged id="70">2024-08-22 08:40:40</dateChanged>
      <retired>false</retired>
    </org.openmrs.module.metadatasharing.Item>
    <org.openmrs.module.metadatasharing.Item id="71" uuid="c407dfe3-23e8-44a1-b6cd-20e73aeae771">
      <id>55309</id>
      <classname>org.openmrs.Concept</classname>
      <dateChanged id="72">2024-08-22 08:58:12</dateChanged>
      <retired>false</retired>
    </org.openmrs.module.metadatasharing.Item>
    <org.openmrs.module.metadatasharing.Item id="73" uuid="49540a5b-b7ea-4729-b076-863f1cb8dfff">
      <id>55307</id>
      <classname>org.openmrs.Concept</classname>
      <dateChanged id="74">2024-08-22 08:56:38</dateChanged>
      <retired>false</retired>
    </org.openmrs.module.metadatasharing.Item>
    <org.openmrs.module.metadatasharing.Item id="75" uuid="71a05b8c-6c44-4a94-88d1-393b6adf56d8">
      <id>55310</id>
      <classname>org.openmrs.Concept</classname>
      <dateChanged id="76">2024-08-22 08:58:38</dateChanged>
      <retired>false</retired>
    </org.openmrs.module.metadatasharing.Item>
    <org.openmrs.module.metadatasharing.Item id="77" uuid="326e6b84-56e5-4b5e-bc9a-ce587ea58b0e">
      <id>55272</id>
      <classname>org.openmrs.Concept</classname>
      <dateChanged id="78">2024-08-22 08:21:10</dateChanged>
      <retired>false</retired>
    </org.openmrs.module.metadatasharing.Item>
    <org.openmrs.module.metadatasharing.Item id="79" uuid="b3e01696-40ca-4b08-8448-d64bef8be88d">
      <id>55298</id>
      <classname>org.openmrs.Concept</classname>
      <dateChanged id="80">2024-08-22 08:44:35</dateChanged>
      <retired>false</retired>
    </org.openmrs.module.metadatasharing.Item>
    <org.openmrs.module.metadatasharing.Item id="81" uuid="18bb0954-3410-40dc-9b4b-2ec52473b74c">
      <id>55283</id>
      <classname>org.openmrs.Concept</classname>
      <dateChanged id="82">2024-08-22 08:31:13</dateChanged>
      <retired>false</retired>
    </org.openmrs.module.metadatasharing.Item>
    <org.openmrs.module.metadatasharing.Item id="83" uuid="058bd496-cf2c-4ceb-81a6-37bc2c64e29b">
      <id>55306</id>
      <classname>org.openmrs.Concept</classname>
      <dateChanged id="84">2024-08-22 08:55:35</dateChanged>
      <retired>false</retired>
    </org.openmrs.module.metadatasharing.Item>
    <org.openmrs.module.metadatasharing.Item id="85" uuid="c56f7e39-320d-4dab-b8ef-da583dd1579b">
      <id>55277</id>
      <classname>org.openmrs.Concept</classname>
      <dateChanged id="86">2024-08-22 08:25:34</dateChanged>
      <retired>false</retired>
    </org.openmrs.module.metadatasharing.Item>
    <org.openmrs.module.metadatasharing.Item id="87" uuid="84894d78-9cf9-4464-9d23-e24fc184ea5f">
      <id>55299</id>
      <classname>org.openmrs.Concept</classname>
      <dateChanged id="88">2024-08-22 08:45:42</dateChanged>
      <retired>false</retired>
    </org.openmrs.module.metadatasharing.Item>
    <org.openmrs.module.metadatasharing.Item id="89" uuid="0efb2737-3c23-466f-a3e3-195db4aae8f5">
      <id>55261</id>
      <classname>org.openmrs.Concept</classname>
      <dateChanged id="90">2024-08-22 08:59:38</dateChanged>
      <retired>false</retired>
    </org.openmrs.module.metadatasharing.Item>
    <org.openmrs.module.metadatasharing.Item id="91" uuid="10a0712b-6b80-4377-ac05-7ede30d68409">
      <id>55281</id>
      <classname>org.openmrs.Concept</classname>
      <dateChanged id="92">2024-08-22 08:29:11</dateChanged>
      <retired>false</retired>
    </org.openmrs.module.metadatasharing.Item>
    <org.openmrs.module.metadatasharing.Item id="93" uuid="80b6af9e-45ae-470c-895f-6190eefd2e54">
      <id>55282</id>
      <classname>org.openmrs.Concept</classname>
      <dateChanged id="94">2024-08-22 08:30:16</dateChanged>
      <retired>false</retired>
    </org.openmrs.module.metadatasharing.Item>
    <org.openmrs.module.metadatasharing.Item id="95" uuid="e2c9f122-4de4-4cd0-a585-b1e446a2b482">
      <id>55244</id>
      <classname>org.openmrs.Concept</classname>
      <dateChanged id="96">2024-08-22 08:32:10</dateChanged>
      <retired>false</retired>
    </org.openmrs.module.metadatasharing.Item>
    <org.openmrs.module.metadatasharing.Item id="97" uuid="df6d4a83-6aed-44aa-93f2-db25600a9af8">
      <id>55296</id>
      <classname>org.openmrs.Concept</classname>
      <dateChanged id="98">2024-08-22 08:43:06</dateChanged>
      <retired>false</retired>
    </org.openmrs.module.metadatasharing.Item>
    <org.openmrs.module.metadatasharing.Item id="99" uuid="ce6847d6-4584-4c8c-9bc0-540ad24d18be">
      <id>55262</id>
      <classname>org.openmrs.Concept</classname>
      <dateChanged id="100">2024-08-22 09:01:22</dateChanged>
      <retired>false</retired>
    </org.openmrs.module.metadatasharing.Item>
    <org.openmrs.module.metadatasharing.Item id="101" uuid="fcc5d716-1174-4207-9d3a-31b3d8750d69">
      <id>55238</id>
      <classname>org.openmrs.Concept</classname>
      <dateChanged id="102">2024-08-22 08:23:23</dateChanged>
      <retired>false</retired>
    </org.openmrs.module.metadatasharing.Item>
    <org.openmrs.module.metadatasharing.Item id="103" uuid="9e842313-d2ee-4d87-9bd1-56cc94689eb6">
      <id>55247</id>
      <classname>org.openmrs.Concept</classname>
      <dateChanged id="104">2024-08-22 08:38:22</dateChanged>
      <retired>false</retired>
    </org.openmrs.module.metadatasharing.Item>
    <org.openmrs.module.metadatasharing.Item id="105" uuid="d6bd17da-a8dd-4004-a2fd-6a0bf36e06c1">
      <id>55242</id>
      <classname>org.openmrs.Concept</classname>
      <dateChanged id="106">2024-08-22 08:28:39</dateChanged>
      <retired>false</retired>
    </org.openmrs.module.metadatasharing.Item>
    <org.openmrs.module.metadatasharing.Item id="107" uuid="5427ccb5-aee3-47ae-8097-b920f7379d51">
      <id>55292</id>
      <classname>org.openmrs.Concept</classname>
      <dateChanged id="108">2024-08-22 08:39:10</dateChanged>
      <retired>false</retired>
    </org.openmrs.module.metadatasharing.Item>
    <org.openmrs.module.metadatasharing.Item id="109" uuid="b44ca45b-3bc5-441a-a75d-cb96eca6e875">
      <id>55249</id>
      <classname>org.openmrs.Concept</classname>
      <dateChanged id="110">2024-08-22 08:41:25</dateChanged>
      <retired>false</retired>
    </org.openmrs.module.metadatasharing.Item>
    <org.openmrs.module.metadatasharing.Item id="111" uuid="5e183ccd-aef0-4536-a14a-2a0a517328ba">
      <id>55264</id>
      <classname>org.openmrs.Concept</classname>
      <dateChanged id="112">2024-08-22 08:54:44</dateChanged>
      <retired>false</retired>
    </org.openmrs.module.metadatasharing.Item>
    <org.openmrs.module.metadatasharing.Item id="113" uuid="a7185922-e612-4487-b4b6-6ded142f3d81">
      <id>55290</id>
      <classname>org.openmrs.Concept</classname>
      <dateChanged id="114">2024-08-22 08:37:29</dateChanged>
      <retired>false</retired>
    </org.openmrs.module.metadatasharing.Item>
    <org.openmrs.module.metadatasharing.Item id="115" uuid="b21910b0-f273-4439-8932-cffaadbcf45c">
      <id>55297</id>
      <classname>org.openmrs.Concept</classname>
      <dateChanged id="116">2024-08-22 08:44:08</dateChanged>
      <retired>false</retired>
    </org.openmrs.module.metadatasharing.Item>
    <org.openmrs.module.metadatasharing.Item id="117" uuid="63661dfd-e719-45e3-974b-5de4b0a40750">
      <id>55235</id>
      <classname>org.openmrs.Concept</classname>
      <dateChanged id="118">2024-08-22 08:15:46</dateChanged>
      <retired>false</retired>
    </org.openmrs.module.metadatasharing.Item>
    <org.openmrs.module.metadatasharing.Item id="119" uuid="1152492f-fed8-4df0-912f-8dccc8cf13a0">
      <id>55275</id>
      <classname>org.openmrs.Concept</classname>
      <dateChanged id="120">2024-08-22 08:23:51</dateChanged>
      <retired>false</retired>
    </org.openmrs.module.metadatasharing.Item>
    <org.openmrs.module.metadatasharing.Item id="121" uuid="62273216-6898-4e91-9cb9-e39d651e2685">
      <id>55248</id>
      <classname>org.openmrs.Concept</classname>
      <dateChanged id="122">2024-08-22 08:39:41</dateChanged>
      <retired>false</retired>
    </org.openmrs.module.metadatasharing.Item>
    <org.openmrs.module.metadatasharing.Item id="123" uuid="18489778-6502-4cfa-bec0-b7092f702cb0">
      <id>55240</id>
      <classname>org.openmrs.Concept</classname>
      <dateChanged id="124">2024-08-22 08:24:55</dateChanged>
      <retired>false</retired>
    </org.openmrs.module.metadatasharing.Item>
    <org.openmrs.module.metadatasharing.Item id="125" uuid="c9d98ca1-25e8-4318-ac6b-992d5c603fef">
      <id>55303</id>
      <classname>org.openmrs.Concept</classname>
      <dateChanged id="126">2024-08-22 08:48:56</dateChanged>
      <retired>false</retired>
    </org.openmrs.module.metadatasharing.Item>
    <org.openmrs.module.metadatasharing.Item id="127" uuid="7433f863-2af8-4df8-bda4-78554a3107ad">
      <id>55304</id>
      <classname>org.openmrs.Concept</classname>
      <dateChanged id="128">2024-08-22 08:49:34</dateChanged>
      <retired>false</retired>
    </org.openmrs.module.metadatasharing.Item>
    <org.openmrs.module.metadatasharing.Item id="129" uuid="b1133751-93bb-4136-aeb0-0d39412e1685">
      <id>55289</id>
      <classname>org.openmrs.Concept</classname>
      <dateChanged id="130">2024-08-22 08:37:01</dateChanged>
      <retired>false</retired>
    </org.openmrs.module.metadatasharing.Item>
    <org.openmrs.module.metadatasharing.Item id="131" uuid="6b45118d-7125-4051-8411-4f917a801ac1">
      <id>55271</id>
      <classname>org.openmrs.Concept</classname>
      <dateChanged id="132">2024-08-22 08:20:42</dateChanged>
      <retired>false</retired>
    </org.openmrs.module.metadatasharing.Item>
    <org.openmrs.module.metadatasharing.Item id="133" uuid="f0ec377a-8d11-41fa-9921-4fd61bb102da">
      <id>55246</id>
      <classname>org.openmrs.Concept</classname>
      <dateChanged id="134">2024-08-22 08:36:25</dateChanged>
      <retired>false</retired>
    </org.openmrs.module.metadatasharing.Item>
    <org.openmrs.module.metadatasharing.Item id="135" uuid="28c200b5-31ff-4a38-b261-58c0c7c941dc">
      <id>55311</id>
      <classname>org.openmrs.Concept</classname>
      <dateChanged id="136">2024-08-22 09:00:06</dateChanged>
      <retired>false</retired>
    </org.openmrs.module.metadatasharing.Item>
    <org.openmrs.module.metadatasharing.Item id="137" uuid="b207b3b4-1cee-4e68-badc-ecd0b1d0ae97">
      <id>55243</id>
      <classname>org.openmrs.Concept</classname>
      <dateChanged id="138">2024-08-22 08:30:41</dateChanged>
      <retired>false</retired>
    </org.openmrs.module.metadatasharing.Item>
    <org.openmrs.module.metadatasharing.Item id="139" uuid="2d6e185d-e6af-43a9-b447-e68ccb4361d9">
      <id>55270</id>
      <classname>org.openmrs.Concept</classname>
      <dateChanged id="140">2024-08-22 08:19:18</dateChanged>
      <retired>false</retired>
    </org.openmrs.module.metadatasharing.Item>
    <org.openmrs.module.metadatasharing.Item id="141" uuid="cc292194-9599-493e-9caf-9d6952472a27">
      <id>55300</id>
      <classname>org.openmrs.Concept</classname>
      <dateChanged id="142">2024-08-22 08:46:13</dateChanged>
      <retired>false</retired>
    </org.openmrs.module.metadatasharing.Item>
    <org.openmrs.module.metadatasharing.Item id="143" uuid="0728a850-9983-492d-adc0-98fbe635ae10">
      <id>55236</id>
      <classname>org.openmrs.Concept</classname>
      <dateChanged id="144">2024-08-22 08:20:08</dateChanged>
      <retired>false</retired>
    </org.openmrs.module.metadatasharing.Item>
    <org.openmrs.module.metadatasharing.Item id="145" uuid="d4d324d8-08d9-489d-9c02-949a4b35d6ef">
      <id>55280</id>
      <classname>org.openmrs.Concept</classname>
      <dateChanged id="146">2024-08-22 08:27:58</dateChanged>
      <retired>false</retired>
    </org.openmrs.module.metadatasharing.Item>
    <org.openmrs.module.metadatasharing.Item id="147" uuid="acedb842-a0f5-431c-b90a-88079d24ddce">
      <id>55293</id>
      <classname>org.openmrs.Concept</classname>
      <dateChanged id="148">2024-08-22 08:40:13</dateChanged>
      <retired>false</retired>
    </org.openmrs.module.metadatasharing.Item>
  </items>
  <relatedItems class="linked-hash-set" id="149">
    <org.openmrs.module.metadatasharing.Item id="150" uuid="8d4a4ab4-c2cc-11de-8d13-0010c6dffd0f">
      <id>3</id>
      <classname>org.openmrs.ConceptDatatype</classname>
      <dateChanged id="151">2004-02-02 00:00:00</dateChanged>
      <retired>false</retired>
    </org.openmrs.module.metadatasharing.Item>
    <org.openmrs.module.metadatasharing.Item id="152" uuid="8d491e50-c2cc-11de-8d13-0010c6dffd0f">
      <id>7</id>
      <classname>org.openmrs.ConceptClass</classname>
      <dateChanged id="153">2024-07-17 13:58:25</dateChanged>
      <retired>false</retired>
    </org.openmrs.module.metadatasharing.Item>
    <org.openmrs.module.metadatasharing.Item id="154" uuid="1f4e7727-23fe-42b8-ba57-d8f4dea42dcd">
      <id>132958</id>
      <classname>org.openmrs.ConceptName</classname>
      <dateChanged id="155">2024-08-22 08:16:46</dateChanged>
    </org.openmrs.module.metadatasharing.Item>
    <org.openmrs.module.metadatasharing.Item id="156" uuid="7008ad8f-9279-4066-9c03-b3f79f2f1ebf">
      <id>133010</id>
      <classname>org.openmrs.ConceptName</classname>
      <dateChanged id="157">2024-08-22 08:48:21</dateChanged>
    </org.openmrs.module.metadatasharing.Item>
    <org.openmrs.module.metadatasharing.Item id="158" uuid="114cbc8a-5d07-4950-a046-bb820574768a">
      <id>132951</id>
      <classname>org.openmrs.ConceptName</classname>
      <dateChanged id="159">2024-08-22 08:48:21</dateChanged>
    </org.openmrs.module.metadatasharing.Item>
    <org.openmrs.module.metadatasharing.Item id="160" uuid="8d4a505e-c2cc-11de-8d13-0010c6dffd0f">
      <id>6</id>
      <classname>org.openmrs.ConceptDatatype</classname>
      <dateChanged id="161">2004-07-22 00:00:00</dateChanged>
      <retired>false</retired>
    </org.openmrs.module.metadatasharing.Item>
    <org.openmrs.module.metadatasharing.Item id="162" uuid="9610db4c-da73-4252-8997-d9bf19408d12">
      <id>133024</id>
      <classname>org.openmrs.ConceptName</classname>
      <dateChanged id="163">2024-08-22 09:00:50</dateChanged>
    </org.openmrs.module.metadatasharing.Item>
    <org.openmrs.module.metadatasharing.Item id="164" uuid="4ce2d22e-4d9d-4d8e-b4b7-3a9a46d8e385">
      <id>132960</id>
      <classname>org.openmrs.ConceptName</classname>
      <dateChanged id="165">2024-08-22 08:18:46</dateChanged>
    </org.openmrs.module.metadatasharing.Item>
    <org.openmrs.module.metadatasharing.Item id="166" uuid="5e50acb4-43ba-4962-9d5d-73fd48048c86">
      <id>132931</id>
      <classname>org.openmrs.ConceptName</classname>
      <dateChanged id="167">2024-08-22 08:33:33</dateChanged>
    </org.openmrs.module.metadatasharing.Item>
    <org.openmrs.module.metadatasharing.Item id="168" uuid="9c7365c7-2ac7-4b20-b69b-c319c624dcd4">
      <id>132986</id>
      <classname>org.openmrs.ConceptName</classname>
      <dateChanged id="169">2024-08-22 08:33:33</dateChanged>
    </org.openmrs.module.metadatasharing.Item>
    <org.openmrs.module.metadatasharing.Item id="170" uuid="fadbc152-7290-4bc5-80e8-11966af70d49">
      <id>132984</id>
      <classname>org.openmrs.ConceptName</classname>
      <dateChanged id="171">2024-08-22 08:32:36</dateChanged>
    </org.openmrs.module.metadatasharing.Item>
    <org.openmrs.module.metadatasharing.Item id="172" uuid="2163d078-7795-4104-96f3-701ca610ad0e">
      <id>132982</id>
      <classname>org.openmrs.ConceptName</classname>
      <dateChanged id="173">2024-08-22 08:31:36</dateChanged>
    </org.openmrs.module.metadatasharing.Item>
    <org.openmrs.module.metadatasharing.Item id="174" uuid="3464daaf-1e7e-4774-bf64-27582e16b9e4">
      <id>132975</id>
      <classname>org.openmrs.ConceptName</classname>
      <dateChanged id="175">2024-08-22 08:27:27</dateChanged>
    </org.openmrs.module.metadatasharing.Item>
    <org.openmrs.module.metadatasharing.Item id="176" uuid="03aff34a-a85a-4553-bfb3-173325912b4f">
      <id>132988</id>
      <classname>org.openmrs.ConceptName</classname>
      <dateChanged id="177">2024-08-22 08:35:43</dateChanged>
    </org.openmrs.module.metadatasharing.Item>
    <org.openmrs.module.metadatasharing.Item id="178" uuid="40ab0870-30de-4f25-a101-8d6bb4c13274">
      <id>133018</id>
      <classname>org.openmrs.ConceptName</classname>
      <dateChanged id="179">2024-08-22 08:57:04</dateChanged>
    </org.openmrs.module.metadatasharing.Item>
    <org.openmrs.module.metadatasharing.Item id="180" uuid="ed3195dc-a3d1-406b-ae15-d22200edc574">
      <id>132954</id>
      <classname>org.openmrs.ConceptName</classname>
      <dateChanged id="181">2024-08-22 08:57:38</dateChanged>
    </org.openmrs.module.metadatasharing.Item>
    <org.openmrs.module.metadatasharing.Item id="182" uuid="2fcee257-df17-4253-897c-292f98b6ae9f">
      <id>133019</id>
      <classname>org.openmrs.ConceptName</classname>
      <dateChanged id="183">2024-08-22 08:57:38</dateChanged>
    </org.openmrs.module.metadatasharing.Item>
    <org.openmrs.module.metadatasharing.Item id="184" uuid="098a04b8-79b7-493d-abe2-875e7d34f9db">
      <id>132965</id>
      <classname>org.openmrs.ConceptName</classname>
      <dateChanged id="185">2024-08-22 08:21:48</dateChanged>
    </org.openmrs.module.metadatasharing.Item>
    <org.openmrs.module.metadatasharing.Item id="186" uuid="16b75ccb-7d81-4f90-9219-a81f30344c42">
      <id>132918</id>
      <classname>org.openmrs.ConceptName</classname>
      <dateChanged id="187">2024-07-17 13:58:25</dateChanged>
    </org.openmrs.module.metadatasharing.Item>
    <org.openmrs.module.metadatasharing.Item id="188" uuid="1a3e6de6-8bd2-4b8a-8451-d22bce29ad7e">
      <id>132922</id>
      <classname>org.openmrs.ConceptName</classname>
      <dateChanged id="189">2024-08-22 08:21:48</dateChanged>
    </org.openmrs.module.metadatasharing.Item>
    <org.openmrs.module.metadatasharing.Item id="190" uuid="ab750240-0e76-4c32-8e5b-0a8e9c224829">
      <id>133009</id>
      <classname>org.openmrs.ConceptName</classname>
      <dateChanged id="191">2024-08-22 08:47:44</dateChanged>
    </org.openmrs.module.metadatasharing.Item>
    <org.openmrs.module.metadatasharing.Item id="192" uuid="997eb8bf-526a-496b-a6b7-cd2e91b9eb38">
      <id>133007</id>
      <classname>org.openmrs.ConceptName</classname>
      <dateChanged id="193">2024-08-22 08:46:52</dateChanged>
    </org.openmrs.module.metadatasharing.Item>
    <org.openmrs.module.metadatasharing.Item id="194" uuid="d295f70a-aa06-4705-bf59-92af0ee4d116">
      <id>132938</id>
      <classname>org.openmrs.ConceptName</classname>
      <dateChanged id="195">2024-07-17 13:58:25</dateChanged>
    </org.openmrs.module.metadatasharing.Item>
    <org.openmrs.module.metadatasharing.Item id="196" uuid="5a4e764f-de38-42d2-9c78-577f88d8e333">
      <id>132950</id>
      <classname>org.openmrs.ConceptName</classname>
      <dateChanged id="197">2024-08-22 08:46:52</dateChanged>
    </org.openmrs.module.metadatasharing.Item>
    <org.openmrs.module.metadatasharing.Item id="198" uuid="766d7f6c-fb0b-4267-9813-756acf747c61">
      <id>132959</id>
      <classname>org.openmrs.ConceptName</classname>
      <dateChanged id="199">2024-08-22 08:18:08</dateChanged>
    </org.openmrs.module.metadatasharing.Item>
    <org.openmrs.module.metadatasharing.Item id="200" uuid="788088fe-c6a4-4367-b212-8fa786743c58">
      <id>132924</id>
      <classname>org.openmrs.ConceptName</classname>
      <dateChanged id="201">2024-08-22 08:18:08</dateChanged>
    </org.openmrs.module.metadatasharing.Item>
    <org.openmrs.module.metadatasharing.Item id="202" uuid="3498b8e8-5103-44ab-98bf-2a80ac55f1af">
      <id>132937</id>
      <classname>org.openmrs.ConceptName</classname>
      <dateChanged id="203">2024-07-17 13:58:25</dateChanged>
    </org.openmrs.module.metadatasharing.Item>
    <org.openmrs.module.metadatasharing.Item id="204" uuid="99be029c-5488-4810-b320-079ac0da578b">
      <id>132949</id>
      <classname>org.openmrs.ConceptName</classname>
      <dateChanged id="205">2024-08-22 08:45:13</dateChanged>
    </org.openmrs.module.metadatasharing.Item>
    <org.openmrs.module.metadatasharing.Item id="206" uuid="7e30bfb1-8356-4d25-a90f-32a7bb846537">
      <id>133004</id>
      <classname>org.openmrs.ConceptName</classname>
      <dateChanged id="207">2024-08-22 08:45:13</dateChanged>
    </org.openmrs.module.metadatasharing.Item>
    <org.openmrs.module.metadatasharing.Item id="208" uuid="3b5aec52-f412-4330-97bb-fc205221fbaa">
      <id>133027</id>
      <classname>org.openmrs.ConceptName</classname>
      <dateChanged id="209">2024-08-22 09:02:14</dateChanged>
    </org.openmrs.module.metadatasharing.Item>
    <org.openmrs.module.metadatasharing.Item id="210" uuid="a200638c-4363-4e03-a435-a81963957753">
      <id>132956</id>
      <classname>org.openmrs.ConceptName</classname>
      <dateChanged id="211">2024-08-21 16:02:52</dateChanged>
    </org.openmrs.module.metadatasharing.Item>
    <org.openmrs.module.metadatasharing.Item id="212" uuid="1cbb750d-086a-4844-a98a-a714f9338601">
      <id>132987</id>
      <classname>org.openmrs.ConceptName</classname>
      <dateChanged id="213">2024-08-22 08:34:06</dateChanged>
    </org.openmrs.module.metadatasharing.Item>
    <org.openmrs.module.metadatasharing.Item id="214" uuid="3230393e-1e23-4972-b216-3d4b12cbc038">
      <id>133008</id>
      <classname>org.openmrs.ConceptName</classname>
      <dateChanged id="215">2024-08-22 08:47:18</dateChanged>
    </org.openmrs.module.metadatasharing.Item>
    <org.openmrs.module.metadatasharing.Item id="216" uuid="8d356638-506f-4f8e-820a-6bb6cd3eaca5">
      <id>133016</id>
      <classname>org.openmrs.ConceptName</classname>
      <dateChanged id="217">2024-08-22 08:56:10</dateChanged>
    </org.openmrs.module.metadatasharing.Item>
    <org.openmrs.module.metadatasharing.Item id="218" uuid="a96edf4a-1222-4273-81a3-aeaf9846afe1">
      <id>132953</id>
      <classname>org.openmrs.ConceptName</classname>
      <dateChanged id="219">2024-08-22 08:56:10</dateChanged>
    </org.openmrs.module.metadatasharing.Item>
    <org.openmrs.module.metadatasharing.Item id="220" uuid="207dd8d4-2879-4feb-88cd-5644e3b2e910">
      <id>133026</id>
      <classname>org.openmrs.ConceptName</classname>
      <dateChanged id="221">2024-08-22 09:01:46</dateChanged>
    </org.openmrs.module.metadatasharing.Item>
    <org.openmrs.module.metadatasharing.Item id="222" uuid="3127254c-0bc4-4ca8-9995-5beac9ec3429">
      <id>132973</id>
      <classname>org.openmrs.ConceptName</classname>
      <dateChanged id="223">2024-08-22 08:26:18</dateChanged>
    </org.openmrs.module.metadatasharing.Item>
    <org.openmrs.module.metadatasharing.Item id="224" uuid="45b4119e-5cf2-43a2-a40b-a8cb90c4f27d">
      <id>132936</id>
      <classname>org.openmrs.ConceptName</classname>
      <dateChanged id="225">2024-08-22 08:43:38</dateChanged>
    </org.openmrs.module.metadatasharing.Item>
    <org.openmrs.module.metadatasharing.Item id="226" uuid="b56d0ac9-4722-4123-9402-bf2ac23c6c7e">
      <id>133001</id>
      <classname>org.openmrs.ConceptName</classname>
      <dateChanged id="227">2024-08-22 08:43:38</dateChanged>
    </org.openmrs.module.metadatasharing.Item>
    <org.openmrs.module.metadatasharing.Item id="228" uuid="72b0dbd5-1e20-4658-bdff-28241f9adad6">
      <id>132974</id>
      <classname>org.openmrs.ConceptName</classname>
      <dateChanged id="229">2024-08-22 08:26:56</dateChanged>
    </org.openmrs.module.metadatasharing.Item>
    <org.openmrs.module.metadatasharing.Item id="230" uuid="1f0056dc-0d83-432e-9436-1e6135561307">
      <id>132927</id>
      <classname>org.openmrs.ConceptName</classname>
      <dateChanged id="231">2024-08-22 08:26:56</dateChanged>
    </org.openmrs.module.metadatasharing.Item>
    <org.openmrs.module.metadatasharing.Item id="232" uuid="4f58c80c-3502-4c12-ae11-b545ae8f93a4">
      <id>132966</id>
      <classname>org.openmrs.ConceptName</classname>
      <dateChanged id="233">2024-08-22 08:22:15</dateChanged>
    </org.openmrs.module.metadatasharing.Item>
    <org.openmrs.module.metadatasharing.Item id="234" uuid="5de3bd75-47ac-44e9-9e32-2297c445484f">
      <id>132999</id>
      <classname>org.openmrs.ConceptName</classname>
      <dateChanged id="235">2024-08-22 08:42:41</dateChanged>
    </org.openmrs.module.metadatasharing.Item>
    <org.openmrs.module.metadatasharing.Item id="236" uuid="8e750e4d-bd50-40bc-a9a4-408e1c64fba0">
      <id>132985</id>
      <classname>org.openmrs.ConceptName</classname>
      <dateChanged id="237">2024-08-22 08:33:03</dateChanged>
    </org.openmrs.module.metadatasharing.Item>
    <org.openmrs.module.metadatasharing.Item id="238" uuid="b2f0050c-a48b-44a7-b26c-b7b0a260f2d9">
      <id>132970</id>
      <classname>org.openmrs.ConceptName</classname>
      <dateChanged id="239">2024-08-22 08:24:16</dateChanged>
    </org.openmrs.module.metadatasharing.Item>
    <org.openmrs.module.metadatasharing.Item id="240" uuid="4e2a2b48-519c-424f-b088-d75b4630d8a9">
      <id>132993</id>
      <classname>org.openmrs.ConceptName</classname>
      <dateChanged id="241">2024-08-22 08:38:47</dateChanged>
    </org.openmrs.module.metadatasharing.Item>
    <org.openmrs.module.metadatasharing.Item id="242" uuid="9bd42693-b4cc-4cef-92c3-42981e537e7b">
      <id>133014</id>
      <classname>org.openmrs.ConceptName</classname>
      <dateChanged id="243">2024-08-22 08:55:11</dateChanged>
    </org.openmrs.module.metadatasharing.Item>
    <org.openmrs.module.metadatasharing.Item id="244" uuid="68b06901-794e-4d19-8d25-c8e409b9cd91">
      <id>132967</id>
      <classname>org.openmrs.ConceptName</classname>
      <dateChanged id="245">2024-08-22 08:22:50</dateChanged>
    </org.openmrs.module.metadatasharing.Item>
    <org.openmrs.module.metadatasharing.Item id="246" uuid="0c3ccc3d-202b-47cc-86be-bd9e2f9f0d18">
      <id>132997</id>
      <classname>org.openmrs.ConceptName</classname>
      <dateChanged id="247">2024-08-22 08:40:40</dateChanged>
    </org.openmrs.module.metadatasharing.Item>
    <org.openmrs.module.metadatasharing.Item id="248" uuid="a6c26cc4-00bc-4fe7-b3af-62924e350e16">
      <id>133020</id>
      <classname>org.openmrs.ConceptName</classname>
      <dateChanged id="249">2024-08-22 08:58:12</dateChanged>
    </org.openmrs.module.metadatasharing.Item>
    <org.openmrs.module.metadatasharing.Item id="250" uuid="6f178d07-ac2b-4e83-8c5e-78fedc03e362">
      <id>133017</id>
      <classname>org.openmrs.ConceptName</classname>
      <dateChanged id="251">2024-08-22 08:56:38</dateChanged>
    </org.openmrs.module.metadatasharing.Item>
    <org.openmrs.module.metadatasharing.Item id="252" uuid="4e94b413-6865-49f5-83f1-135a36f0db96">
      <id>133021</id>
      <classname>org.openmrs.ConceptName</classname>
      <dateChanged id="253">2024-08-22 08:58:38</dateChanged>
    </org.openmrs.module.metadatasharing.Item>
    <org.openmrs.module.metadatasharing.Item id="254" uuid="23566b58-b74d-4928-9b78-4a5dedade239">
      <id>132964</id>
      <classname>org.openmrs.ConceptName</classname>
      <dateChanged id="255">2024-08-22 08:21:10</dateChanged>
    </org.openmrs.module.metadatasharing.Item>
    <org.openmrs.module.metadatasharing.Item id="256" uuid="3215f38a-f44a-4421-84f8-cfbf0f320cd2">
      <id>133003</id>
      <classname>org.openmrs.ConceptName</classname>
      <dateChanged id="257">2024-08-22 08:44:35</dateChanged>
    </org.openmrs.module.metadatasharing.Item>
    <org.openmrs.module.metadatasharing.Item id="258" uuid="beb42913-c047-43b6-9985-5179a333dbcc">
      <id>132981</id>
      <classname>org.openmrs.ConceptName</classname>
      <dateChanged id="259">2024-08-22 08:31:13</dateChanged>
    </org.openmrs.module.metadatasharing.Item>
    <org.openmrs.module.metadatasharing.Item id="260" uuid="9496b317-c278-4c7f-b650-849022f1fa15">
      <id>133015</id>
      <classname>org.openmrs.ConceptName</classname>
      <dateChanged id="261">2024-08-22 08:55:35</dateChanged>
    </org.openmrs.module.metadatasharing.Item>
    <org.openmrs.module.metadatasharing.Item id="262" uuid="5044248d-146a-4cd2-b5a6-9ccdcd087257">
      <id>132972</id>
      <classname>org.openmrs.ConceptName</classname>
      <dateChanged id="263">2024-08-22 08:25:34</dateChanged>
    </org.openmrs.module.metadatasharing.Item>
    <org.openmrs.module.metadatasharing.Item id="264" uuid="c87b0142-05e2-40fc-8d5e-91343e4fcf0c">
      <id>133005</id>
      <classname>org.openmrs.ConceptName</classname>
      <dateChanged id="265">2024-08-22 08:45:42</dateChanged>
    </org.openmrs.module.metadatasharing.Item>
    <org.openmrs.module.metadatasharing.Item id="266" uuid="29c43860-e490-48a3-9d5b-2c7de09986ca">
      <id>133022</id>
      <classname>org.openmrs.ConceptName</classname>
      <dateChanged id="267">2024-08-22 08:59:38</dateChanged>
    </org.openmrs.module.metadatasharing.Item>
    <org.openmrs.module.metadatasharing.Item id="268" uuid="0ff4c0e0-11a3-44e9-a64a-662bddd5517d">
      <id>132947</id>
      <classname>org.openmrs.ConceptName</classname>
      <dateChanged id="269">2024-08-22 08:59:38</dateChanged>
    </org.openmrs.module.metadatasharing.Item>
    <org.openmrs.module.metadatasharing.Item id="270" uuid="e584d870-33ee-471e-beed-ea99454bbde9">
      <id>132978</id>
      <classname>org.openmrs.ConceptName</classname>
      <dateChanged id="271">2024-08-22 08:29:11</dateChanged>
    </org.openmrs.module.metadatasharing.Item>
    <org.openmrs.module.metadatasharing.Item id="272" uuid="021d6ec5-8129-430d-8e16-e26bc1012b2d">
      <id>132979</id>
      <classname>org.openmrs.ConceptName</classname>
      <dateChanged id="273">2024-08-22 08:30:16</dateChanged>
    </org.openmrs.module.metadatasharing.Item>
    <org.openmrs.module.metadatasharing.Item id="274" uuid="8aee69b6-b116-4dbd-b9b6-6f6a73853ac0">
      <id>132983</id>
      <classname>org.openmrs.ConceptName</classname>
      <dateChanged id="275">2024-08-22 08:32:10</dateChanged>
    </org.openmrs.module.metadatasharing.Item>
    <org.openmrs.module.metadatasharing.Item id="276" uuid="79fde9c2-9aba-4cfe-91cb-28bff4eb27f6">
      <id>132930</id>
      <classname>org.openmrs.ConceptName</classname>
      <dateChanged id="277">2024-08-22 08:32:10</dateChanged>
    </org.openmrs.module.metadatasharing.Item>
    <org.openmrs.module.metadatasharing.Item id="278" uuid="0395e455-e42a-4a4a-939a-b24645713af5">
      <id>133000</id>
      <classname>org.openmrs.ConceptName</classname>
      <dateChanged id="279">2024-08-22 08:43:06</dateChanged>
    </org.openmrs.module.metadatasharing.Item>
    <org.openmrs.module.metadatasharing.Item id="280" uuid="d1d6eada-760b-4310-9ae9-ab7e60958cf7">
      <id>133025</id>
      <classname>org.openmrs.ConceptName</classname>
      <dateChanged id="281">2024-08-22 09:01:22</dateChanged>
    </org.openmrs.module.metadatasharing.Item>
    <org.openmrs.module.metadatasharing.Item id="282" uuid="606c3150-d51e-439b-a3b5-58d8c0fc7cca">
      <id>132948</id>
      <classname>org.openmrs.ConceptName</classname>
      <dateChanged id="283">2024-08-22 09:01:22</dateChanged>
    </org.openmrs.module.metadatasharing.Item>
    <org.openmrs.module.metadatasharing.Item id="284" uuid="e2307025-fddb-46c6-9178-84b71a43fe28">
      <id>132919</id>
      <classname>org.openmrs.ConceptName</classname>
      <dateChanged id="285">2024-07-17 13:58:25</dateChanged>
    </org.openmrs.module.metadatasharing.Item>
    <org.openmrs.module.metadatasharing.Item id="286" uuid="6533644b-8c5d-4b9c-bc7d-c95ee1453427">
      <id>132923</id>
      <classname>org.openmrs.ConceptName</classname>
      <dateChanged id="287">2024-08-22 08:23:23</dateChanged>
    </org.openmrs.module.metadatasharing.Item>
    <org.openmrs.module.metadatasharing.Item id="288" uuid="38714e4e-dff4-4a2a-8964-7dce69aeaa5d">
      <id>132968</id>
      <classname>org.openmrs.ConceptName</classname>
      <dateChanged id="289">2024-08-22 08:23:23</dateChanged>
    </org.openmrs.module.metadatasharing.Item>
    <org.openmrs.module.metadatasharing.Item id="290" uuid="2bc7ade3-298d-4cac-8e9b-522d5a097bcb">
      <id>132933</id>
      <classname>org.openmrs.ConceptName</classname>
      <dateChanged id="291">2024-08-22 08:38:22</dateChanged>
    </org.openmrs.module.metadatasharing.Item>
    <org.openmrs.module.metadatasharing.Item id="292" uuid="bd84e7e8-d25e-4708-bafd-57bae387a818">
      <id>132992</id>
      <classname>org.openmrs.ConceptName</classname>
      <dateChanged id="293">2024-08-22 08:38:22</dateChanged>
    </org.openmrs.module.metadatasharing.Item>
    <org.openmrs.module.metadatasharing.Item id="294" uuid="6bd22491-7083-4c59-8adf-ea6824d154e9">
      <id>132928</id>
      <classname>org.openmrs.ConceptName</classname>
      <dateChanged id="295">2024-08-22 08:28:39</dateChanged>
    </org.openmrs.module.metadatasharing.Item>
    <org.openmrs.module.metadatasharing.Item id="296" uuid="d8c86e42-b254-403d-bd36-0cfc1ef36f77">
      <id>132977</id>
      <classname>org.openmrs.ConceptName</classname>
      <dateChanged id="297">2024-08-22 08:28:39</dateChanged>
    </org.openmrs.module.metadatasharing.Item>
    <org.openmrs.module.metadatasharing.Item id="298" uuid="6836d759-b2e6-4821-bbe2-6d76879f2c4a">
      <id>132994</id>
      <classname>org.openmrs.ConceptName</classname>
      <dateChanged id="299">2024-08-22 08:39:10</dateChanged>
    </org.openmrs.module.metadatasharing.Item>
    <org.openmrs.module.metadatasharing.Item id="300" uuid="878fd4c3-0347-42db-8e3f-66cefba407e6">
      <id>132935</id>
      <classname>org.openmrs.ConceptName</classname>
      <dateChanged id="301">2024-08-22 08:41:25</dateChanged>
    </org.openmrs.module.metadatasharing.Item>
    <org.openmrs.module.metadatasharing.Item id="302" uuid="9aad0201-f3af-4174-b685-f98a491f3fc3">
      <id>132998</id>
      <classname>org.openmrs.ConceptName</classname>
      <dateChanged id="303">2024-08-22 08:41:25</dateChanged>
    </org.openmrs.module.metadatasharing.Item>
    <org.openmrs.module.metadatasharing.Item id="304" uuid="032790d3-7242-4dbe-a46b-c5e336473880">
      <id>133013</id>
      <classname>org.openmrs.ConceptName</classname>
      <dateChanged id="305">2024-08-22 08:54:44</dateChanged>
    </org.openmrs.module.metadatasharing.Item>
    <org.openmrs.module.metadatasharing.Item id="306" uuid="3246a046-272b-4bd5-bd6c-0c1182e651b5">
      <id>132952</id>
      <classname>org.openmrs.ConceptName</classname>
      <dateChanged id="307">2024-08-22 08:54:44</dateChanged>
    </org.openmrs.module.metadatasharing.Item>
    <org.openmrs.module.metadatasharing.Item id="308" uuid="f9040351-e0ef-4195-a11e-8b80edeb8bbc">
      <id>132991</id>
      <classname>org.openmrs.ConceptName</classname>
      <dateChanged id="309">2024-08-22 08:37:29</dateChanged>
    </org.openmrs.module.metadatasharing.Item>
    <org.openmrs.module.metadatasharing.Item id="310" uuid="66809a32-b175-40e6-b940-c86c2b1d97a4">
      <id>133002</id>
      <classname>org.openmrs.ConceptName</classname>
      <dateChanged id="311">2024-08-22 08:44:08</dateChanged>
    </org.openmrs.module.metadatasharing.Item>
    <org.openmrs.module.metadatasharing.Item id="312" uuid="59cc7afb-4c6e-4da0-b1b6-8e1df5325247">
      <id>132957</id>
      <classname>org.openmrs.ConceptName</classname>
      <dateChanged id="313">2024-08-22 08:15:46</dateChanged>
    </org.openmrs.module.metadatasharing.Item>
    <org.openmrs.module.metadatasharing.Item id="314" uuid="17391391-5a46-4a53-8218-515a5c216d8f">
      <id>132920</id>
      <classname>org.openmrs.ConceptName</classname>
      <dateChanged id="315">2024-08-22 08:15:46</dateChanged>
    </org.openmrs.module.metadatasharing.Item>
    <org.openmrs.module.metadatasharing.Item id="316" uuid="09db3c7f-129e-4aff-9303-07ef6395e07a">
      <id>132916</id>
      <classname>org.openmrs.ConceptName</classname>
      <dateChanged id="317">2024-07-17 13:58:25</dateChanged>
    </org.openmrs.module.metadatasharing.Item>
    <org.openmrs.module.metadatasharing.Item id="318" uuid="0df42b99-08fa-4d11-9db9-ba3b97ddbd23">
      <id>132969</id>
      <classname>org.openmrs.ConceptName</classname>
      <dateChanged id="319">2024-08-22 08:23:51</dateChanged>
    </org.openmrs.module.metadatasharing.Item>
    <org.openmrs.module.metadatasharing.Item id="320" uuid="0fd4e5a9-5fc6-4f09-9b32-e850811b75b6">
      <id>132934</id>
      <classname>org.openmrs.ConceptName</classname>
      <dateChanged id="321">2024-08-19 11:56:52</dateChanged>
    </org.openmrs.module.metadatasharing.Item>
    <org.openmrs.module.metadatasharing.Item id="322" uuid="ec46f1c2-d607-44a5-9fc2-7fd7275dda83">
      <id>132995</id>
      <classname>org.openmrs.ConceptName</classname>
      <dateChanged id="323">2024-08-22 08:39:41</dateChanged>
    </org.openmrs.module.metadatasharing.Item>
    <org.openmrs.module.metadatasharing.Item id="324" uuid="f7a6baf9-3834-4a5f-a5e3-efb8f357c4f3">
      <id>132955</id>
      <classname>org.openmrs.ConceptName</classname>
      <dateChanged id="325">2024-08-22 08:39:41</dateChanged>
    </org.openmrs.module.metadatasharing.Item>
    <org.openmrs.module.metadatasharing.Item id="326" uuid="ff6f51ff-e886-4156-b2f2-39ab43bb0ac7">
      <id>132925</id>
      <classname>org.openmrs.ConceptName</classname>
      <dateChanged id="327">2024-07-17 13:58:25</dateChanged>
    </org.openmrs.module.metadatasharing.Item>
    <org.openmrs.module.metadatasharing.Item id="328" uuid="4eedec36-8460-4816-9fa7-ccaa78107128">
      <id>132926</id>
      <classname>org.openmrs.ConceptName</classname>
      <dateChanged id="329">2024-08-22 08:24:55</dateChanged>
    </org.openmrs.module.metadatasharing.Item>
    <org.openmrs.module.metadatasharing.Item id="330" uuid="5051254d-bb18-4df2-8713-bdd6fcca72e5">
      <id>132971</id>
      <classname>org.openmrs.ConceptName</classname>
      <dateChanged id="331">2024-08-22 08:24:55</dateChanged>
    </org.openmrs.module.metadatasharing.Item>
    <org.openmrs.module.metadatasharing.Item id="332" uuid="cb955b90-9033-4714-b285-d01c0143057b">
      <id>133011</id>
      <classname>org.openmrs.ConceptName</classname>
      <dateChanged id="333">2024-08-22 08:48:56</dateChanged>
    </org.openmrs.module.metadatasharing.Item>
    <org.openmrs.module.metadatasharing.Item id="334" uuid="1c9f1ec1-4ffc-40b6-b1f5-e82df011386e">
      <id>133012</id>
      <classname>org.openmrs.ConceptName</classname>
      <dateChanged id="335">2024-08-22 08:49:34</dateChanged>
    </org.openmrs.module.metadatasharing.Item>
    <org.openmrs.module.metadatasharing.Item id="336" uuid="c101d498-5ce9-4de3-90f1-ba3fc06c6990">
      <id>132990</id>
      <classname>org.openmrs.ConceptName</classname>
      <dateChanged id="337">2024-08-22 08:37:01</dateChanged>
    </org.openmrs.module.metadatasharing.Item>
    <org.openmrs.module.metadatasharing.Item id="338" uuid="525804cc-19e2-42c3-a9d9-8855e8fb1282">
      <id>132963</id>
      <classname>org.openmrs.ConceptName</classname>
      <dateChanged id="339">2024-08-22 08:20:42</dateChanged>
    </org.openmrs.module.metadatasharing.Item>
    <org.openmrs.module.metadatasharing.Item id="340" uuid="1f8791fe-fa53-46b0-8c2c-c270e0fc0fb1">
      <id>132932</id>
      <classname>org.openmrs.ConceptName</classname>
      <dateChanged id="341">2024-08-22 08:36:25</dateChanged>
    </org.openmrs.module.metadatasharing.Item>
    <org.openmrs.module.metadatasharing.Item id="342" uuid="3333edb9-9b25-4dd8-a54a-a955a5c2ebff">
      <id>132989</id>
      <classname>org.openmrs.ConceptName</classname>
      <dateChanged id="343">2024-08-22 08:36:25</dateChanged>
    </org.openmrs.module.metadatasharing.Item>
    <org.openmrs.module.metadatasharing.Item id="344" uuid="53cec7c4-a9c9-426a-b97d-9f3925339e4e">
      <id>133023</id>
      <classname>org.openmrs.ConceptName</classname>
      <dateChanged id="345">2024-08-22 09:00:06</dateChanged>
    </org.openmrs.module.metadatasharing.Item>
    <org.openmrs.module.metadatasharing.Item id="346" uuid="6f8da042-61a8-4f84-9eaa-a11fb30d596a">
      <id>132929</id>
      <classname>org.openmrs.ConceptName</classname>
      <dateChanged id="347">2024-08-22 08:30:41</dateChanged>
    </org.openmrs.module.metadatasharing.Item>
    <org.openmrs.module.metadatasharing.Item id="348" uuid="53b2a652-6770-4e19-bde0-6239e43ab3fc">
      <id>132980</id>
      <classname>org.openmrs.ConceptName</classname>
      <dateChanged id="349">2024-08-22 08:30:41</dateChanged>
    </org.openmrs.module.metadatasharing.Item>
    <org.openmrs.module.metadatasharing.Item id="350" uuid="20480080-5685-4158-8dda-753405c445bd">
      <id>132961</id>
      <classname>org.openmrs.ConceptName</classname>
      <dateChanged id="351">2024-08-22 08:19:18</dateChanged>
    </org.openmrs.module.metadatasharing.Item>
    <org.openmrs.module.metadatasharing.Item id="352" uuid="3a3f8b5f-517f-494c-ab0a-228840f917fc">
      <id>133006</id>
      <classname>org.openmrs.ConceptName</classname>
      <dateChanged id="353">2024-08-22 08:46:13</dateChanged>
    </org.openmrs.module.metadatasharing.Item>
    <org.openmrs.module.metadatasharing.Item id="354" uuid="eb331c1d-3a83-4fd9-8da4-951a0b70f56e">
      <id>132921</id>
      <classname>org.openmrs.ConceptName</classname>
      <dateChanged id="355">2024-08-22 08:20:08</dateChanged>
    </org.openmrs.module.metadatasharing.Item>
    <org.openmrs.module.metadatasharing.Item id="356" uuid="77777c16-7482-49f5-81f2-e14b8ff66c07">
      <id>132917</id>
      <classname>org.openmrs.ConceptName</classname>
      <dateChanged id="357">2024-07-17 13:58:25</dateChanged>
    </org.openmrs.module.metadatasharing.Item>
    <org.openmrs.module.metadatasharing.Item id="358" uuid="124675eb-4b4a-43f4-9d22-323c391a7286">
      <id>132962</id>
      <classname>org.openmrs.ConceptName</classname>
      <dateChanged id="359">2024-08-22 08:20:08</dateChanged>
    </org.openmrs.module.metadatasharing.Item>
    <org.openmrs.module.metadatasharing.Item id="360" uuid="a60ae09b-de94-4900-bec4-b1ec37b25fe4">
      <id>132976</id>
      <classname>org.openmrs.ConceptName</classname>
      <dateChanged id="361">2024-08-22 08:27:58</dateChanged>
    </org.openmrs.module.metadatasharing.Item>
    <org.openmrs.module.metadatasharing.Item id="362" uuid="9b787485-aee4-4274-ace4-1c445c2e30e1">
      <id>132996</id>
      <classname>org.openmrs.ConceptName</classname>
      <dateChanged id="363">2024-08-22 08:40:13</dateChanged>
    </org.openmrs.module.metadatasharing.Item>
  </relatedItems>
</package>
