<?xml version="1.0" encoding="UTF-8"?>
<package id="1" uuid="89b1e519-eb92-4f95-a8ac-c56fd5a68d56">
  <dateCreated id="2">2024-07-15 20:54:16</dateCreated>
  <name>Substance_concepts</name>
  <description>Package contains needed concepts related to vaccines/vitamins/other substances.</description>
  <openmrsVersion>2.4.6 cfl.3 Build 474fed</openmrsVersion>
  <version>1</version>
  <groupUuid>b71c3586-8122-46a9-9cbd-073fcda026a6</groupUuid>
  <modules id="3">
    <entry>
      <string>openconceptlab</string>
      <string>2.0.0-SNAPSHOT</string>
    </entry>
    <entry>
      <string>calculation</string>
      <string>1.3.0</string>
    </entry>
    <entry>
      <string>legacyui</string>
      <string>1.16.0</string>
    </entry>
    <entry>
      <string>cfldefault</string>
      <string>1.2.1-SNAPSHOT</string>
    </entry>
    <entry>
      <string>htmlwidgets</string>
      <string>1.11.0</string>
    </entry>
    <entry>
      <string>addresshierarchy</string>
      <string>2.15.1</string>
    </entry>
    <entry>
      <string>reportingui</string>
      <string>1.12.0-SNAPSHOT</string>
    </entry>
    <entry>
      <string>uicommons</string>
      <string>2.23.0</string>
    </entry>
    <entry>
      <string>patientflags</string>
      <string>3.0.5-cfl.1</string>
    </entry>
    <entry>
      <string>emrapi</string>
      <string>1.34.0</string>
    </entry>
    <entry>
      <string>registrationapp</string>
      <string>1.25.0</string>
    </entry>
    <entry>
      <string>appointments</string>
      <string>1.6.0-SNAPSHOT</string>
    </entry>
    <entry>
      <string>idgen</string>
      <string>4.9.0</string>
    </entry>
    <entry>
      <string>spa</string>
      <string>1.0.9-SNAPSHOT</string>
    </entry>
    <entry>
      <string>htmlformentry</string>
      <string>4.0.1-cfl.1</string>
    </entry>
    <entry>
      <string>o3forms</string>
      <string>2.2.0</string>
    </entry>
    <entry>
      <string>etllite</string>
      <string>1.1.11</string>
    </entry>
    <entry>
      <string>reportingcompatibility</string>
      <string>2.0.9</string>
    </entry>
    <entry>
      <string>vxnaidlicensemanagement</string>
      <string>1.1.5</string>
    </entry>
    <entry>
      <string>uilibrary</string>
      <string>2.0.7</string>
    </entry>
    <entry>
      <string>locationbasedaccess</string>
      <string>0.3.0-SNAPSHOT</string>
    </entry>
    <entry>
      <string>adminui</string>
      <string>1.6.0</string>
    </entry>
    <entry>
      <string>vxnaidbiometric</string>
      <string>1.3.0-vrvu.1</string>
    </entry>
    <entry>
      <string>files</string>
      <string>1.0.0</string>
    </entry>
    <entry>
      <string>messages</string>
      <string>1.8.2-SNAPSHOT</string>
    </entry>
    <entry>
      <string>metadatamapping</string>
      <string>1.6.0</string>
    </entry>
    <entry>
      <string>coreapps</string>
      <string>1.39.0</string>
    </entry>
    <entry>
      <string>cflcore</string>
      <string>1.12.1-SNAPSHOT</string>
    </entry>
    <entry>
      <string>serialization.xstream</string>
      <string>0.2.16</string>
    </entry>
    <entry>
      <string>metadatadeploy</string>
      <string>1.13.0</string>
    </entry>
    <entry>
      <string>metadatasharing</string>
      <string>1.9.0</string>
    </entry>
    <entry>
      <string>cohort</string>
      <string>3.1.0-SNAPSHOT</string>
    </entry>
    <entry>
      <string>allergyui</string>
      <string>1.8.6-SNAPSHOT</string>
    </entry>
    <entry>
      <string>formentryapp</string>
      <string>1.4.3</string>
    </entry>
    <entry>
      <string>providermanagement</string>
      <string>2.14.0</string>
    </entry>
    <entry>
      <string>visits</string>
      <string>1.6.1-SNAPSHOT</string>
    </entry>
    <entry>
      <string>multiproject</string>
      <string>1.0.0</string>
    </entry>
    <entry>
      <string>sms</string>
      <string>1.3.1</string>
    </entry>
    <entry>
      <string>cflcharts</string>
      <string>1.2.2-SNAPSHOT</string>
    </entry>
    <entry>
      <string>reportingrest</string>
      <string>1.14.0-cfl.2</string>
    </entry>
    <entry>
      <string>uiframework</string>
      <string>3.23.0</string>
    </entry>
    <entry>
      <string>event</string>
      <string>2.10.0</string>
    </entry>
    <entry>
      <string>reporting</string>
      <string>1.25.0-cfl.2</string>
    </entry>
    <entry>
      <string>callflows</string>
      <string>1.1.13</string>
    </entry>
    <entry>
      <string>htmlformentryui</string>
      <string>2.0.0-SNAPSHOT</string>
    </entry>
    <entry>
      <string>cfl</string>
      <string>1.5.1-SNAPSHOT</string>
    </entry>
    <entry>
      <string>fhir2</string>
      <string>1.11.0</string>
    </entry>
    <entry>
      <string>appframework</string>
      <string>2.17.0</string>
    </entry>
    <entry>
      <string>webservices.rest</string>
      <string>2.41.0-cfl.2.4b687d</string>
    </entry>
    <entry>
      <string>registrationcore</string>
      <string>1.12.0</string>
    </entry>
    <entry>
      <string>owa</string>
      <string>1.15.0-SNAPSHOT</string>
    </entry>
    <entry>
      <string>vxnaid</string>
      <string>1.0.3</string>
    </entry>
    <entry>
      <string>appui</string>
      <string>1.16.0</string>
    </entry>
    <entry>
      <string>queue</string>
      <string>1.0.0-SNAPSHOT</string>
    </entry>
  </modules>
  <items class="linked-hash-set" id="4">
    <org.openmrs.module.metadatasharing.Item id="5" uuid="28da5cfc-9fdb-404f-ab5a-86a70c461cff">
      <id>55260</id>
      <classname>org.openmrs.ConceptNumeric</classname>
      <dateChanged id="6">2024-07-15 12:30:25</dateChanged>
      <retired>false</retired>
    </org.openmrs.module.metadatasharing.Item>
    <org.openmrs.module.metadatasharing.Item id="7" uuid="933dfa58-db68-4a6e-a40b-98e1d71f48f5">
      <id>55258</id>
      <classname>org.openmrs.Concept</classname>
      <dateChanged id="8">2024-07-15 12:28:00</dateChanged>
      <retired>false</retired>
    </org.openmrs.module.metadatasharing.Item>
    <org.openmrs.module.metadatasharing.Item id="9" uuid="91694968-c23d-4701-9dce-0312081f9a15">
      <id>55263</id>
      <classname>org.openmrs.Concept</classname>
      <dateChanged id="10">2024-07-15 16:23:27</dateChanged>
      <retired>false</retired>
    </org.openmrs.module.metadatasharing.Item>
    <org.openmrs.module.metadatasharing.Item id="11" uuid="95d318f7-3214-4402-87d7-96be04b858bf">
      <id>55255</id>
      <classname>org.openmrs.Concept</classname>
      <dateChanged id="12">2024-07-15 11:41:24</dateChanged>
      <retired>false</retired>
    </org.openmrs.module.metadatasharing.Item>
    <org.openmrs.module.metadatasharing.Item id="13" uuid="d5680e82-e293-4454-953c-03c7e26826f5">
      <id>55245</id>
      <classname>org.openmrs.Concept</classname>
      <dateChanged id="14">2024-07-15 10:21:53</dateChanged>
      <retired>false</retired>
    </org.openmrs.module.metadatasharing.Item>
    <org.openmrs.module.metadatasharing.Item id="15" uuid="f496defd-60d8-45b4-8054-44d582436500">
      <id>55257</id>
      <classname>org.openmrs.ConceptNumeric</classname>
      <dateChanged id="16">2024-07-15 12:26:58</dateChanged>
      <retired>false</retired>
    </org.openmrs.module.metadatasharing.Item>
    <org.openmrs.module.metadatasharing.Item id="17" uuid="0efb2737-3c23-466f-a3e3-195db4aae8f5">
      <id>55261</id>
      <classname>org.openmrs.Concept</classname>
      <dateChanged id="18">2024-07-15 12:38:02</dateChanged>
      <retired>false</retired>
    </org.openmrs.module.metadatasharing.Item>
    <org.openmrs.module.metadatasharing.Item id="19" uuid="6de53ec6-bf3f-41fe-bf2e-e61447a6557a">
      <id>55254</id>
      <classname>org.openmrs.Concept</classname>
      <dateChanged id="20">2024-07-15 11:40:33</dateChanged>
      <retired>false</retired>
    </org.openmrs.module.metadatasharing.Item>
    <org.openmrs.module.metadatasharing.Item id="21" uuid="2e22cf9d-0e2f-4bdc-89ab-8087b83fb8d3">
      <id>55259</id>
      <classname>org.openmrs.ConceptNumeric</classname>
      <dateChanged id="22">2024-07-15 12:31:22</dateChanged>
      <retired>false</retired>
    </org.openmrs.module.metadatasharing.Item>
    <org.openmrs.module.metadatasharing.Item id="23" uuid="da208dcf-aa34-4d2a-bbe7-3870e544c0cd">
      <id>55234</id>
      <classname>org.openmrs.Concept</classname>
      <dateChanged id="24">2024-07-11 14:35:28</dateChanged>
      <retired>false</retired>
    </org.openmrs.module.metadatasharing.Item>
    <org.openmrs.module.metadatasharing.Item id="25" uuid="e2c9f122-4de4-4cd0-a585-b1e446a2b482">
      <id>55244</id>
      <classname>org.openmrs.Concept</classname>
      <dateChanged id="26">2024-07-15 10:21:06</dateChanged>
      <retired>false</retired>
    </org.openmrs.module.metadatasharing.Item>
    <org.openmrs.module.metadatasharing.Item id="27" uuid="ce6847d6-4584-4c8c-9bc0-540ad24d18be">
      <id>55262</id>
      <classname>org.openmrs.Concept</classname>
      <dateChanged id="28">2024-07-15 12:39:01</dateChanged>
      <retired>false</retired>
    </org.openmrs.module.metadatasharing.Item>
    <org.openmrs.module.metadatasharing.Item id="29" uuid="fcc5d716-1174-4207-9d3a-31b3d8750d69">
      <id>55238</id>
      <classname>org.openmrs.Concept</classname>
      <dateChanged id="30">2024-07-15 10:08:46</dateChanged>
      <retired>false</retired>
    </org.openmrs.module.metadatasharing.Item>
    <org.openmrs.module.metadatasharing.Item id="31" uuid="9e842313-d2ee-4d87-9bd1-56cc94689eb6">
      <id>55247</id>
      <classname>org.openmrs.Concept</classname>
      <dateChanged id="32">2024-07-15 10:23:05</dateChanged>
      <retired>false</retired>
    </org.openmrs.module.metadatasharing.Item>
    <org.openmrs.module.metadatasharing.Item id="33" uuid="d6bd17da-a8dd-4004-a2fd-6a0bf36e06c1">
      <id>55242</id>
      <classname>org.openmrs.Concept</classname>
      <dateChanged id="34">2024-07-15 10:19:47</dateChanged>
      <retired>false</retired>
    </org.openmrs.module.metadatasharing.Item>
    <org.openmrs.module.metadatasharing.Item id="35" uuid="b44ca45b-3bc5-441a-a75d-cb96eca6e875">
      <id>55249</id>
      <classname>org.openmrs.Concept</classname>
      <dateChanged id="36">2024-07-15 10:25:26</dateChanged>
      <retired>false</retired>
    </org.openmrs.module.metadatasharing.Item>
    <org.openmrs.module.metadatasharing.Item id="37" uuid="0199e506-de97-4e85-9515-7cc8d49351c1">
      <id>55237</id>
      <classname>org.openmrs.Concept</classname>
      <dateChanged id="38">2024-07-15 10:08:22</dateChanged>
      <retired>false</retired>
    </org.openmrs.module.metadatasharing.Item>
    <org.openmrs.module.metadatasharing.Item id="39" uuid="63661dfd-e719-45e3-974b-5de4b0a40750">
      <id>55235</id>
      <classname>org.openmrs.Concept</classname>
      <dateChanged id="40">2024-07-15 10:07:47</dateChanged>
      <retired>false</retired>
    </org.openmrs.module.metadatasharing.Item>
    <org.openmrs.module.metadatasharing.Item id="41" uuid="62273216-6898-4e91-9cb9-e39d651e2685">
      <id>55248</id>
      <classname>org.openmrs.Concept</classname>
      <dateChanged id="42">2024-07-15 10:24:27</dateChanged>
      <retired>false</retired>
    </org.openmrs.module.metadatasharing.Item>
    <org.openmrs.module.metadatasharing.Item id="43" uuid="7730ebac-c259-4e86-9d26-1ddae1b4ea00">
      <id>55252</id>
      <classname>org.openmrs.Concept</classname>
      <dateChanged id="44">2024-07-15 16:23:18</dateChanged>
      <retired>false</retired>
    </org.openmrs.module.metadatasharing.Item>
    <org.openmrs.module.metadatasharing.Item id="45" uuid="dbf1de60-5b7c-4db4-aa43-030e6ae0554f">
      <id>55239</id>
      <classname>org.openmrs.Concept</classname>
      <dateChanged id="46">2024-07-15 10:10:10</dateChanged>
      <retired>false</retired>
    </org.openmrs.module.metadatasharing.Item>
    <org.openmrs.module.metadatasharing.Item id="47" uuid="f30163f9-3569-41bb-81cf-da7b3c1e8838">
      <id>55251</id>
      <classname>org.openmrs.Concept</classname>
      <dateChanged id="48">2024-07-15 16:21:58</dateChanged>
      <retired>false</retired>
    </org.openmrs.module.metadatasharing.Item>
    <org.openmrs.module.metadatasharing.Item id="49" uuid="18489778-6502-4cfa-bec0-b7092f702cb0">
      <id>55240</id>
      <classname>org.openmrs.Concept</classname>
      <dateChanged id="50">2024-07-15 10:13:24</dateChanged>
      <retired>false</retired>
    </org.openmrs.module.metadatasharing.Item>
    <org.openmrs.module.metadatasharing.Item id="51" uuid="f0ec377a-8d11-41fa-9921-4fd61bb102da">
      <id>55246</id>
      <classname>org.openmrs.Concept</classname>
      <dateChanged id="52">2024-07-15 10:22:19</dateChanged>
      <retired>false</retired>
    </org.openmrs.module.metadatasharing.Item>
    <org.openmrs.module.metadatasharing.Item id="53" uuid="fc75d1f4-3205-40b2-8f85-16accb303115">
      <id>55250</id>
      <classname>org.openmrs.Concept</classname>
      <dateChanged id="54">2024-07-15 10:39:21</dateChanged>
      <retired>false</retired>
    </org.openmrs.module.metadatasharing.Item>
    <org.openmrs.module.metadatasharing.Item id="55" uuid="9af6c76f-2f71-49fc-a21a-fe280c24b676">
      <id>55241</id>
      <classname>org.openmrs.Concept</classname>
      <dateChanged id="56">2024-07-15 10:14:03</dateChanged>
      <retired>false</retired>
    </org.openmrs.module.metadatasharing.Item>
    <org.openmrs.module.metadatasharing.Item id="57" uuid="b207b3b4-1cee-4e68-badc-ecd0b1d0ae97">
      <id>55243</id>
      <classname>org.openmrs.Concept</classname>
      <dateChanged id="58">2024-07-15 10:20:32</dateChanged>
      <retired>false</retired>
    </org.openmrs.module.metadatasharing.Item>
    <org.openmrs.module.metadatasharing.Item id="59" uuid="0728a850-9983-492d-adc0-98fbe635ae10">
      <id>55236</id>
      <classname>org.openmrs.Concept</classname>
      <dateChanged id="60">2024-07-15 10:08:06</dateChanged>
      <retired>false</retired>
    </org.openmrs.module.metadatasharing.Item>
    <org.openmrs.module.metadatasharing.Item id="61" uuid="b8ca722b-9731-4e50-8081-ac9131230718">
      <id>55253</id>
      <classname>org.openmrs.Concept</classname>
      <dateChanged id="62">2024-07-15 11:39:44</dateChanged>
      <retired>false</retired>
    </org.openmrs.module.metadatasharing.Item>
    <org.openmrs.module.metadatasharing.Item id="63" uuid="c9beea3e-d88f-4b3e-a958-8837874085b2">
      <id>55256</id>
      <classname>org.openmrs.Concept</classname>
      <dateChanged id="64">2024-07-15 11:42:16</dateChanged>
      <retired>false</retired>
    </org.openmrs.module.metadatasharing.Item>
  </items>
  <relatedItems class="linked-hash-set" id="65">
    <org.openmrs.module.metadatasharing.Item id="66" uuid="8d4a4488-c2cc-11de-8d13-0010c6dffd0f">
      <id>1</id>
      <classname>org.openmrs.ConceptDatatype</classname>
      <dateChanged id="67">2004-02-02 00:00:00</dateChanged>
      <retired>false</retired>
    </org.openmrs.module.metadatasharing.Item>
    <org.openmrs.module.metadatasharing.Item id="68" uuid="8d491e50-c2cc-11de-8d13-0010c6dffd0f">
      <id>7</id>
      <classname>org.openmrs.ConceptClass</classname>
      <dateChanged id="69">2024-01-22 12:49:23</dateChanged>
      <retired>false</retired>
    </org.openmrs.module.metadatasharing.Item>
    <org.openmrs.module.metadatasharing.Item id="70" uuid="2b6e7aff-8f4a-4cdb-b53d-f68df2668c0b">
      <id>132946</id>
      <classname>org.openmrs.ConceptName</classname>
      <dateChanged id="71">2024-07-15 12:30:25</dateChanged>
    </org.openmrs.module.metadatasharing.Item>
    <org.openmrs.module.metadatasharing.Item id="72" uuid="8d4a4ab4-c2cc-11de-8d13-0010c6dffd0f">
      <id>3</id>
      <classname>org.openmrs.ConceptDatatype</classname>
      <dateChanged id="73">2004-02-02 00:00:00</dateChanged>
      <retired>false</retired>
    </org.openmrs.module.metadatasharing.Item>
    <org.openmrs.module.metadatasharing.Item id="74" uuid="728620da-49b3-4231-8dc1-185923e343ff">
      <id>132944</id>
      <classname>org.openmrs.ConceptName</classname>
      <dateChanged id="75">2024-07-15 12:28:00</dateChanged>
    </org.openmrs.module.metadatasharing.Item>
    <org.openmrs.module.metadatasharing.Item id="76" uuid="114cbc8a-5d07-4950-a046-bb820574768a">
      <id>132951</id>
      <classname>org.openmrs.ConceptName</classname>
      <dateChanged id="77">2024-07-15 16:23:27</dateChanged>
    </org.openmrs.module.metadatasharing.Item>
    <org.openmrs.module.metadatasharing.Item id="78" uuid="f576d5d2-39fb-4162-bd91-118cf6ed5ed1">
      <id>132941</id>
      <classname>org.openmrs.ConceptName</classname>
      <dateChanged id="79">2024-07-15 11:41:24</dateChanged>
    </org.openmrs.module.metadatasharing.Item>
    <org.openmrs.module.metadatasharing.Item id="80" uuid="5e50acb4-43ba-4962-9d5d-73fd48048c86">
      <id>132931</id>
      <classname>org.openmrs.ConceptName</classname>
      <dateChanged id="81">2024-07-15 10:21:53</dateChanged>
    </org.openmrs.module.metadatasharing.Item>
    <org.openmrs.module.metadatasharing.Item id="82" uuid="c623314f-82e7-4939-9e06-c347cb568355">
      <id>132943</id>
      <classname>org.openmrs.ConceptName</classname>
      <dateChanged id="83">2024-07-15 12:26:58</dateChanged>
    </org.openmrs.module.metadatasharing.Item>
    <org.openmrs.module.metadatasharing.Item id="84" uuid="0ff4c0e0-11a3-44e9-a64a-662bddd5517d">
      <id>132947</id>
      <classname>org.openmrs.ConceptName</classname>
      <dateChanged id="85">2024-07-15 12:38:02</dateChanged>
    </org.openmrs.module.metadatasharing.Item>
    <org.openmrs.module.metadatasharing.Item id="86" uuid="41dff3eb-eeb9-4531-b05a-32d8dd16c177">
      <id>132940</id>
      <classname>org.openmrs.ConceptName</classname>
      <dateChanged id="87">2024-07-15 11:40:33</dateChanged>
    </org.openmrs.module.metadatasharing.Item>
    <org.openmrs.module.metadatasharing.Item id="88" uuid="699306f4-eba2-46da-bddd-4d89e9e98d1b">
      <id>132945</id>
      <classname>org.openmrs.ConceptName</classname>
      <dateChanged id="89">2024-07-15 12:31:22</dateChanged>
    </org.openmrs.module.metadatasharing.Item>
    <org.openmrs.module.metadatasharing.Item id="90" uuid="8d4a5cca-c2cc-11de-8d13-0010c6dffd0f">
      <id>10</id>
      <classname>org.openmrs.ConceptDatatype</classname>
      <dateChanged id="91">2004-08-26 00:00:00</dateChanged>
      <retired>false</retired>
    </org.openmrs.module.metadatasharing.Item>
    <org.openmrs.module.metadatasharing.Item id="92" uuid="8d4918b0-c2cc-11de-8d13-0010c6dffd0f">
      <id>4</id>
      <classname>org.openmrs.ConceptClass</classname>
      <dateChanged id="93">2024-01-22 12:49:06</dateChanged>
      <retired>false</retired>
    </org.openmrs.module.metadatasharing.Item>
    <org.openmrs.module.metadatasharing.Item id="94" uuid="b9e196d7-3561-49e1-98b4-8cf58c8e9adc">
      <id>132915</id>
      <classname>org.openmrs.ConceptName</classname>
      <dateChanged id="95">2024-07-11 14:35:28</dateChanged>
    </org.openmrs.module.metadatasharing.Item>
    <org.openmrs.module.metadatasharing.Item id="96" uuid="84106162-66b6-4935-a0c0-a4e6c8dfdcd3">
      <id>16577</id>
      <classname>org.openmrs.ConceptDescription</classname>
      <dateChanged id="97">2024-07-11 14:35:28</dateChanged>
    </org.openmrs.module.metadatasharing.Item>
    <org.openmrs.module.metadatasharing.Item id="98" uuid="79fde9c2-9aba-4cfe-91cb-28bff4eb27f6">
      <id>132930</id>
      <classname>org.openmrs.ConceptName</classname>
      <dateChanged id="99">2024-07-15 10:21:06</dateChanged>
    </org.openmrs.module.metadatasharing.Item>
    <org.openmrs.module.metadatasharing.Item id="100" uuid="606c3150-d51e-439b-a3b5-58d8c0fc7cca">
      <id>132948</id>
      <classname>org.openmrs.ConceptName</classname>
      <dateChanged id="101">2024-07-15 12:39:01</dateChanged>
    </org.openmrs.module.metadatasharing.Item>
    <org.openmrs.module.metadatasharing.Item id="102" uuid="e2307025-fddb-46c6-9178-84b71a43fe28">
      <id>132919</id>
      <classname>org.openmrs.ConceptName</classname>
      <dateChanged id="103">2024-07-15 10:08:46</dateChanged>
    </org.openmrs.module.metadatasharing.Item>
    <org.openmrs.module.metadatasharing.Item id="104" uuid="6533644b-8c5d-4b9c-bc7d-c95ee1453427">
      <id>132923</id>
      <classname>org.openmrs.ConceptName</classname>
      <dateChanged id="105">2024-07-15 10:08:46</dateChanged>
    </org.openmrs.module.metadatasharing.Item>
    <org.openmrs.module.metadatasharing.Item id="106" uuid="2bc7ade3-298d-4cac-8e9b-522d5a097bcb">
      <id>132933</id>
      <classname>org.openmrs.ConceptName</classname>
      <dateChanged id="107">2024-07-15 10:23:05</dateChanged>
    </org.openmrs.module.metadatasharing.Item>
    <org.openmrs.module.metadatasharing.Item id="108" uuid="6bd22491-7083-4c59-8adf-ea6824d154e9">
      <id>132928</id>
      <classname>org.openmrs.ConceptName</classname>
      <dateChanged id="109">2024-07-15 10:19:47</dateChanged>
    </org.openmrs.module.metadatasharing.Item>
    <org.openmrs.module.metadatasharing.Item id="110" uuid="878fd4c3-0347-42db-8e3f-66cefba407e6">
      <id>132935</id>
      <classname>org.openmrs.ConceptName</classname>
      <dateChanged id="111">2024-07-15 10:25:26</dateChanged>
    </org.openmrs.module.metadatasharing.Item>
    <org.openmrs.module.metadatasharing.Item id="112" uuid="16b75ccb-7d81-4f90-9219-a81f30344c42">
      <id>132918</id>
      <classname>org.openmrs.ConceptName</classname>
      <dateChanged id="113">2024-07-15 10:08:22</dateChanged>
    </org.openmrs.module.metadatasharing.Item>
    <org.openmrs.module.metadatasharing.Item id="114" uuid="1a3e6de6-8bd2-4b8a-8451-d22bce29ad7e">
      <id>132922</id>
      <classname>org.openmrs.ConceptName</classname>
      <dateChanged id="115">2024-07-15 10:08:22</dateChanged>
    </org.openmrs.module.metadatasharing.Item>
    <org.openmrs.module.metadatasharing.Item id="116" uuid="17391391-5a46-4a53-8218-515a5c216d8f">
      <id>132920</id>
      <classname>org.openmrs.ConceptName</classname>
      <dateChanged id="117">2024-07-15 10:07:47</dateChanged>
    </org.openmrs.module.metadatasharing.Item>
    <org.openmrs.module.metadatasharing.Item id="118" uuid="09db3c7f-129e-4aff-9303-07ef6395e07a">
      <id>132916</id>
      <classname>org.openmrs.ConceptName</classname>
      <dateChanged id="119">2024-07-15 10:07:47</dateChanged>
    </org.openmrs.module.metadatasharing.Item>
    <org.openmrs.module.metadatasharing.Item id="120" uuid="0fd4e5a9-5fc6-4f09-9b32-e850811b75b6">
      <id>132934</id>
      <classname>org.openmrs.ConceptName</classname>
      <dateChanged id="121">2024-07-15 10:24:27</dateChanged>
    </org.openmrs.module.metadatasharing.Item>
    <org.openmrs.module.metadatasharing.Item id="122" uuid="d295f70a-aa06-4705-bf59-92af0ee4d116">
      <id>132938</id>
      <classname>org.openmrs.ConceptName</classname>
      <dateChanged id="123">2024-07-15 16:23:18</dateChanged>
    </org.openmrs.module.metadatasharing.Item>
    <org.openmrs.module.metadatasharing.Item id="124" uuid="5a4e764f-de38-42d2-9c78-577f88d8e333">
      <id>132950</id>
      <classname>org.openmrs.ConceptName</classname>
      <dateChanged id="125">2024-07-15 16:23:18</dateChanged>
    </org.openmrs.module.metadatasharing.Item>
    <org.openmrs.module.metadatasharing.Item id="126" uuid="788088fe-c6a4-4367-b212-8fa786743c58">
      <id>132924</id>
      <classname>org.openmrs.ConceptName</classname>
      <dateChanged id="127">2024-07-15 10:10:10</dateChanged>
    </org.openmrs.module.metadatasharing.Item>
    <org.openmrs.module.metadatasharing.Item id="128" uuid="3498b8e8-5103-44ab-98bf-2a80ac55f1af">
      <id>132937</id>
      <classname>org.openmrs.ConceptName</classname>
      <dateChanged id="129">2024-07-15 16:21:58</dateChanged>
    </org.openmrs.module.metadatasharing.Item>
    <org.openmrs.module.metadatasharing.Item id="130" uuid="99be029c-5488-4810-b320-079ac0da578b">
      <id>132949</id>
      <classname>org.openmrs.ConceptName</classname>
      <dateChanged id="131">2024-07-15 16:21:58</dateChanged>
    </org.openmrs.module.metadatasharing.Item>
    <org.openmrs.module.metadatasharing.Item id="132" uuid="ff6f51ff-e886-4156-b2f2-39ab43bb0ac7">
      <id>132925</id>
      <classname>org.openmrs.ConceptName</classname>
      <dateChanged id="133">2024-07-15 10:13:24</dateChanged>
    </org.openmrs.module.metadatasharing.Item>
    <org.openmrs.module.metadatasharing.Item id="134" uuid="4eedec36-8460-4816-9fa7-ccaa78107128">
      <id>132926</id>
      <classname>org.openmrs.ConceptName</classname>
      <dateChanged id="135">2024-07-15 10:13:24</dateChanged>
    </org.openmrs.module.metadatasharing.Item>
    <org.openmrs.module.metadatasharing.Item id="136" uuid="1f8791fe-fa53-46b0-8c2c-c270e0fc0fb1">
      <id>132932</id>
      <classname>org.openmrs.ConceptName</classname>
      <dateChanged id="137">2024-07-15 10:22:19</dateChanged>
    </org.openmrs.module.metadatasharing.Item>
    <org.openmrs.module.metadatasharing.Item id="138" uuid="45b4119e-5cf2-43a2-a40b-a8cb90c4f27d">
      <id>132936</id>
      <classname>org.openmrs.ConceptName</classname>
      <dateChanged id="139">2024-07-15 10:39:21</dateChanged>
    </org.openmrs.module.metadatasharing.Item>
    <org.openmrs.module.metadatasharing.Item id="140" uuid="1f0056dc-0d83-432e-9436-1e6135561307">
      <id>132927</id>
      <classname>org.openmrs.ConceptName</classname>
      <dateChanged id="141">2024-07-15 10:14:03</dateChanged>
    </org.openmrs.module.metadatasharing.Item>
    <org.openmrs.module.metadatasharing.Item id="142" uuid="6f8da042-61a8-4f84-9eaa-a11fb30d596a">
      <id>132929</id>
      <classname>org.openmrs.ConceptName</classname>
      <dateChanged id="143">2024-07-15 10:20:32</dateChanged>
    </org.openmrs.module.metadatasharing.Item>
    <org.openmrs.module.metadatasharing.Item id="144" uuid="eb331c1d-3a83-4fd9-8da4-951a0b70f56e">
      <id>132921</id>
      <classname>org.openmrs.ConceptName</classname>
      <dateChanged id="145">2024-07-15 10:08:06</dateChanged>
    </org.openmrs.module.metadatasharing.Item>
    <org.openmrs.module.metadatasharing.Item id="146" uuid="77777c16-7482-49f5-81f2-e14b8ff66c07">
      <id>132917</id>
      <classname>org.openmrs.ConceptName</classname>
      <dateChanged id="147">2024-07-15 10:08:06</dateChanged>
    </org.openmrs.module.metadatasharing.Item>
    <org.openmrs.module.metadatasharing.Item id="148" uuid="51749952-88cf-4cb0-963d-3b03f6768a68">
      <id>132939</id>
      <classname>org.openmrs.ConceptName</classname>
      <dateChanged id="149">2024-07-15 11:39:44</dateChanged>
    </org.openmrs.module.metadatasharing.Item>
    <org.openmrs.module.metadatasharing.Item id="150" uuid="68769ffa-6c91-431c-8285-3d139501075d">
      <id>132942</id>
      <classname>org.openmrs.ConceptName</classname>
      <dateChanged id="151">2024-07-15 11:42:16</dateChanged>
    </org.openmrs.module.metadatasharing.Item>
  </relatedItems>
</package>
