<?xml version="1.0" encoding="UTF-8"?>
<list id="1">
  <org.openmrs.ConceptNumeric id="2" uuid="28da5cfc-9fdb-404f-ab5a-86a70c461cff">
    <conceptId>55260</conceptId>
    <retired>false</retired>
    <datatype id="3" resolves-to="org.openmrs.ConceptDatatype" uuid="8d4a4488-c2cc-11de-8d13-0010c6dffd0f">
      <name>Numeric</name>
      <description>Numeric value, including integer or float (e.g., creatinine, weight)</description>
      <creator/>
      <dateCreated id="4">2004-02-02 00:00:00</dateCreated>
      <retired>false</retired>
      <conceptDatatypeId>1</conceptDatatypeId>
      <hl7Abbreviation>NM</hl7Abbreviation>
    </datatype>
    <conceptClass id="5" resolves-to="org.openmrs.ConceptClass" uuid="8d491e50-c2cc-11de-8d13-0010c6dffd0f">
      <name>Question</name>
      <description>Question (eg, patient history, SF36 items)</description>
      <creator/>
      <dateCreated id="6">2004-03-02 00:00:00</dateCreated>
      <changedBy/>
      <dateChanged id="7">2024-01-22 12:49:23</dateChanged>
      <retired>false</retired>
      <conceptClassId>7</conceptClassId>
    </conceptClass>
    <set>false</set>
    <creator/>
    <dateCreated id="8">2024-07-15 12:30:25</dateCreated>
    <changedBy/>
    <dateChanged id="9">2024-07-15 12:30:25</dateChanged>
    <names class="set" id="10">
      <org.openmrs.ConceptName id="11" uuid="2b6e7aff-8f4a-4cdb-b53d-f68df2668c0b">
        <conceptNameId>132946</conceptNameId>
        <concept class="org.openmrs.ConceptNumeric" reference="2"/>
        <name>INR Number Vxnaid</name>
        <locale id="12">en</locale>
        <creator/>
        <dateCreated id="13">2024-07-15 12:30:25</dateCreated>
        <voided>false</voided>
        <tags class="set" id="14"/>
        <conceptNameType>FULLY_SPECIFIED</conceptNameType>
        <localePreferred>true</localePreferred>
      </org.openmrs.ConceptName>
    </names>
    <answers class="set" id="15"/>
    <conceptSets class="set" id="16"/>
    <descriptions class="set" id="17"/>
    <conceptMappings class="set" id="18"/>
    <attributes id="19"/>
    <allowDecimal>false</allowDecimal>
  </org.openmrs.ConceptNumeric>
  <org.openmrs.Concept id="20" uuid="933dfa58-db68-4a6e-a40b-98e1d71f48f5">
    <conceptId>55258</conceptId>
    <retired>false</retired>
    <datatype id="21" resolves-to="org.openmrs.ConceptDatatype" uuid="8d4a4ab4-c2cc-11de-8d13-0010c6dffd0f">
      <name>Text</name>
      <description>Free text</description>
      <creator/>
      <dateCreated id="22">2004-02-02 00:00:00</dateCreated>
      <retired>false</retired>
      <conceptDatatypeId>3</conceptDatatypeId>
      <hl7Abbreviation>ST</hl7Abbreviation>
    </datatype>
    <conceptClass reference="5"/>
    <set>false</set>
    <creator/>
    <dateCreated id="23">2024-07-15 12:27:49</dateCreated>
    <changedBy/>
    <dateChanged id="24">2024-07-15 12:28:00</dateChanged>
    <names class="set" id="25">
      <org.openmrs.ConceptName id="26" uuid="728620da-49b3-4231-8dc1-185923e343ff">
        <conceptNameId>132944</conceptNameId>
        <concept reference="20"/>
        <name>MUACA Vxnaid</name>
        <locale id="27">en</locale>
        <creator/>
        <dateCreated id="28">2024-07-15 12:27:49</dateCreated>
        <voided>false</voided>
        <tags class="set" id="29"/>
        <conceptNameType>FULLY_SPECIFIED</conceptNameType>
        <localePreferred>true</localePreferred>
        <changedBy/>
        <dateChanged id="30">2024-07-15 12:28:00</dateChanged>
      </org.openmrs.ConceptName>
    </names>
    <answers class="set" id="31"/>
    <conceptSets class="set" id="32"/>
    <descriptions class="set" id="33"/>
    <conceptMappings class="set" id="34"/>
    <attributes id="35"/>
  </org.openmrs.Concept>
  <org.openmrs.Concept id="36" uuid="91694968-c23d-4701-9dce-0312081f9a15">
    <conceptId>55263</conceptId>
    <retired>false</retired>
    <datatype reference="21"/>
    <conceptClass reference="5"/>
    <set>false</set>
    <creator/>
    <dateCreated id="37">2024-07-15 16:23:27</dateCreated>
    <changedBy/>
    <dateChanged id="38">2024-07-15 16:23:27</dateChanged>
    <names class="set" id="39">
      <org.openmrs.ConceptName id="40" uuid="114cbc8a-5d07-4950-a046-bb820574768a">
        <conceptNameId>132951</conceptNameId>
        <concept reference="36"/>
        <name>HPV 2 Vxnaid</name>
        <locale id="41">en</locale>
        <creator/>
        <dateCreated id="42">2024-07-15 16:23:27</dateCreated>
        <voided>false</voided>
        <tags class="set" id="43"/>
        <conceptNameType>FULLY_SPECIFIED</conceptNameType>
        <localePreferred>true</localePreferred>
      </org.openmrs.ConceptName>
    </names>
    <answers class="set" id="44"/>
    <conceptSets class="set" id="45"/>
    <descriptions class="set" id="46"/>
    <conceptMappings class="set" id="47"/>
    <attributes id="48"/>
  </org.openmrs.Concept>
  <org.openmrs.Concept id="49" uuid="95d318f7-3214-4402-87d7-96be04b858bf">
    <conceptId>55255</conceptId>
    <retired>false</retired>
    <datatype reference="21"/>
    <conceptClass reference="5"/>
    <set>false</set>
    <creator/>
    <dateCreated id="50">2024-07-15 11:41:24</dateCreated>
    <changedBy/>
    <dateChanged id="51">2024-07-15 11:41:24</dateChanged>
    <names class="set" id="52">
      <org.openmrs.ConceptName id="53" uuid="f576d5d2-39fb-4162-bd91-118cf6ed5ed1">
        <conceptNameId>132941</conceptNameId>
        <concept reference="49"/>
        <name>Infant and young child feeding Vxnaid</name>
        <locale id="54">en</locale>
        <creator/>
        <dateCreated id="55">2024-07-15 11:41:24</dateCreated>
        <voided>false</voided>
        <tags class="set" id="56"/>
        <conceptNameType>FULLY_SPECIFIED</conceptNameType>
        <localePreferred>true</localePreferred>
      </org.openmrs.ConceptName>
    </names>
    <answers class="set" id="57"/>
    <conceptSets class="set" id="58"/>
    <descriptions class="set" id="59"/>
    <conceptMappings class="set" id="60"/>
    <attributes id="61"/>
  </org.openmrs.Concept>
  <org.openmrs.Concept id="62" uuid="d5680e82-e293-4454-953c-03c7e26826f5">
    <conceptId>55245</conceptId>
    <retired>false</retired>
    <datatype reference="21"/>
    <conceptClass reference="5"/>
    <set>false</set>
    <creator/>
    <dateCreated id="63">2024-07-15 10:21:53</dateCreated>
    <changedBy/>
    <dateChanged id="64">2024-07-15 10:21:53</dateChanged>
    <names class="set" id="65">
      <org.openmrs.ConceptName id="66" uuid="5e50acb4-43ba-4962-9d5d-73fd48048c86">
        <conceptNameId>132931</conceptNameId>
        <concept reference="62"/>
        <name>DPT-HepB-Hib 1 Vxnaid</name>
        <locale id="67">en</locale>
        <creator/>
        <dateCreated id="68">2024-07-15 10:21:53</dateCreated>
        <voided>false</voided>
        <tags class="set" id="69"/>
        <conceptNameType>FULLY_SPECIFIED</conceptNameType>
        <localePreferred>true</localePreferred>
      </org.openmrs.ConceptName>
    </names>
    <answers class="set" id="70"/>
    <conceptSets class="set" id="71"/>
    <descriptions class="set" id="72"/>
    <conceptMappings class="set" id="73"/>
    <attributes id="74"/>
  </org.openmrs.Concept>
  <org.openmrs.ConceptNumeric id="75" uuid="f496defd-60d8-45b4-8054-44d582436500">
    <conceptId>55257</conceptId>
    <retired>false</retired>
    <datatype reference="3"/>
    <conceptClass reference="5"/>
    <set>false</set>
    <creator/>
    <dateCreated id="76">2024-07-15 12:26:58</dateCreated>
    <changedBy/>
    <dateChanged id="77">2024-07-15 12:26:58</dateChanged>
    <names class="set" id="78">
      <org.openmrs.ConceptName id="79" uuid="c623314f-82e7-4939-9e06-c347cb568355">
        <conceptNameId>132943</conceptNameId>
        <concept class="org.openmrs.ConceptNumeric" reference="75"/>
        <name>Height for age Z score Vxnaid</name>
        <locale id="80">en</locale>
        <creator/>
        <dateCreated id="81">2024-07-15 12:26:58</dateCreated>
        <voided>false</voided>
        <tags class="set" id="82"/>
        <conceptNameType>FULLY_SPECIFIED</conceptNameType>
        <localePreferred>true</localePreferred>
      </org.openmrs.ConceptName>
    </names>
    <answers class="set" id="83"/>
    <conceptSets class="set" id="84"/>
    <descriptions class="set" id="85"/>
    <conceptMappings class="set" id="86"/>
    <attributes id="87"/>
    <allowDecimal>false</allowDecimal>
  </org.openmrs.ConceptNumeric>
  <org.openmrs.Concept id="88" uuid="0efb2737-3c23-466f-a3e3-195db4aae8f5">
    <conceptId>55261</conceptId>
    <retired>false</retired>
    <datatype reference="21"/>
    <conceptClass reference="5"/>
    <set>false</set>
    <creator/>
    <dateCreated id="89">2024-07-15 12:38:02</dateCreated>
    <changedBy/>
    <dateChanged id="90">2024-07-15 12:38:02</dateChanged>
    <names class="set" id="91">
      <org.openmrs.ConceptName id="92" uuid="0ff4c0e0-11a3-44e9-a64a-662bddd5517d">
        <conceptNameId>132947</conceptNameId>
        <concept reference="88"/>
        <name>Vitamin A Vxnaid</name>
        <locale id="93">en</locale>
        <creator/>
        <dateCreated id="94">2024-07-15 12:38:02</dateCreated>
        <voided>false</voided>
        <tags class="set" id="95"/>
        <conceptNameType>FULLY_SPECIFIED</conceptNameType>
        <localePreferred>true</localePreferred>
      </org.openmrs.ConceptName>
    </names>
    <answers class="set" id="96"/>
    <conceptSets class="set" id="97"/>
    <descriptions class="set" id="98"/>
    <conceptMappings class="set" id="99"/>
    <attributes id="100"/>
  </org.openmrs.Concept>
  <org.openmrs.Concept id="101" uuid="6de53ec6-bf3f-41fe-bf2e-e61447a6557a">
    <conceptId>55254</conceptId>
    <retired>false</retired>
    <datatype reference="21"/>
    <conceptClass reference="5"/>
    <set>false</set>
    <creator/>
    <dateCreated id="102">2024-07-15 11:40:33</dateCreated>
    <changedBy/>
    <dateChanged id="103">2024-07-15 11:40:33</dateChanged>
    <names class="set" id="104">
      <org.openmrs.ConceptName id="105" uuid="41dff3eb-eeb9-4531-b05a-32d8dd16c177">
        <conceptNameId>132940</conceptNameId>
        <concept reference="101"/>
        <name>Received LLIN Vxnaid</name>
        <locale id="106">en</locale>
        <creator/>
        <dateCreated id="107">2024-07-15 11:40:33</dateCreated>
        <voided>false</voided>
        <tags class="set" id="108"/>
        <conceptNameType>FULLY_SPECIFIED</conceptNameType>
        <localePreferred>true</localePreferred>
      </org.openmrs.ConceptName>
    </names>
    <answers class="set" id="109"/>
    <conceptSets class="set" id="110"/>
    <descriptions class="set" id="111"/>
    <conceptMappings class="set" id="112"/>
    <attributes id="113"/>
  </org.openmrs.Concept>
  <org.openmrs.ConceptNumeric id="114" uuid="2e22cf9d-0e2f-4bdc-89ab-8087b83fb8d3">
    <conceptId>55259</conceptId>
    <retired>false</retired>
    <datatype reference="3"/>
    <conceptClass reference="5"/>
    <set>false</set>
    <creator/>
    <dateCreated id="115">2024-07-15 12:29:03</dateCreated>
    <changedBy/>
    <dateChanged id="116">2024-07-15 12:31:22</dateChanged>
    <names class="set" id="117">
      <org.openmrs.ConceptName id="118" uuid="699306f4-eba2-46da-bddd-4d89e9e98d1b">
        <conceptNameId>132945</conceptNameId>
        <concept class="org.openmrs.ConceptNumeric" reference="114"/>
        <name>Weight for Height Vxnaid</name>
        <locale id="119">en</locale>
        <creator/>
        <dateCreated id="120">2024-07-15 12:29:03</dateCreated>
        <voided>false</voided>
        <tags class="set" id="121"/>
        <conceptNameType>FULLY_SPECIFIED</conceptNameType>
        <localePreferred>true</localePreferred>
        <changedBy/>
        <dateChanged id="122">2024-07-15 12:31:22</dateChanged>
      </org.openmrs.ConceptName>
    </names>
    <answers class="set" id="123"/>
    <conceptSets class="set" id="124"/>
    <descriptions class="set" id="125"/>
    <conceptMappings class="set" id="126"/>
    <attributes id="127"/>
    <allowDecimal>false</allowDecimal>
  </org.openmrs.ConceptNumeric>
  <org.openmrs.Concept id="128" uuid="da208dcf-aa34-4d2a-bbe7-3870e544c0cd">
    <conceptId>55234</conceptId>
    <retired>false</retired>
    <datatype id="129" resolves-to="org.openmrs.ConceptDatatype" uuid="8d4a5cca-c2cc-11de-8d13-0010c6dffd0f">
      <name>Boolean</name>
      <description>Boolean value (yes/no, true/false)</description>
      <creator/>
      <dateCreated id="130">2004-08-26 00:00:00</dateCreated>
      <retired>false</retired>
      <conceptDatatypeId>10</conceptDatatypeId>
      <hl7Abbreviation>BIT</hl7Abbreviation>
    </datatype>
    <conceptClass id="131" resolves-to="org.openmrs.ConceptClass" uuid="8d4918b0-c2cc-11de-8d13-0010c6dffd0f">
      <name>Diagnosis</name>
      <description>Conclusion drawn through findings</description>
      <creator/>
      <dateCreated id="132">2004-02-02 00:00:00</dateCreated>
      <changedBy/>
      <dateChanged id="133">2024-01-22 12:49:06</dateChanged>
      <retired>false</retired>
      <conceptClassId>4</conceptClassId>
    </conceptClass>
    <set>false</set>
    <creator/>
    <dateCreated id="134">2024-07-11 14:35:28</dateCreated>
    <changedBy/>
    <dateChanged id="135">2024-07-11 14:35:28</dateChanged>
    <names class="set" id="136">
      <org.openmrs.ConceptName id="137" uuid="b9e196d7-3561-49e1-98b4-8cf58c8e9adc">
        <conceptNameId>132915</conceptNameId>
        <concept reference="128"/>
        <name>Is Oedema</name>
        <locale id="138">en</locale>
        <creator/>
        <dateCreated id="139">2024-07-11 14:35:28</dateCreated>
        <voided>false</voided>
        <tags class="set" id="140"/>
        <conceptNameType>FULLY_SPECIFIED</conceptNameType>
        <localePreferred>true</localePreferred>
      </org.openmrs.ConceptName>
    </names>
    <answers class="set" id="141"/>
    <conceptSets class="set" id="142"/>
    <descriptions class="set" id="143">
      <org.openmrs.ConceptDescription id="144" uuid="84106162-66b6-4935-a0c0-a4e6c8dfdcd3">
        <conceptDescriptionId>16577</conceptDescriptionId>
        <concept reference="128"/>
        <description>Specifies if patient has oedema</description>
        <locale id="145">en</locale>
        <creator/>
        <dateCreated id="146">2024-07-11 14:35:28</dateCreated>
      </org.openmrs.ConceptDescription>
    </descriptions>
    <conceptMappings class="set" id="147"/>
    <attributes id="148"/>
  </org.openmrs.Concept>
  <org.openmrs.Concept id="149" uuid="e2c9f122-4de4-4cd0-a585-b1e446a2b482">
    <conceptId>55244</conceptId>
    <retired>false</retired>
    <datatype reference="21"/>
    <conceptClass reference="5"/>
    <set>false</set>
    <creator/>
    <dateCreated id="150">2024-07-15 10:21:06</dateCreated>
    <changedBy/>
    <dateChanged id="151">2024-07-15 10:21:06</dateChanged>
    <names class="set" id="152">
      <org.openmrs.ConceptName id="153" uuid="79fde9c2-9aba-4cfe-91cb-28bff4eb27f6">
        <conceptNameId>132930</conceptNameId>
        <concept reference="149"/>
        <name>PCV 3 Vxnaid</name>
        <locale id="154">en</locale>
        <creator/>
        <dateCreated id="155">2024-07-15 10:21:06</dateCreated>
        <voided>false</voided>
        <tags class="set" id="156"/>
        <conceptNameType>FULLY_SPECIFIED</conceptNameType>
        <localePreferred>true</localePreferred>
      </org.openmrs.ConceptName>
    </names>
    <answers class="set" id="157"/>
    <conceptSets class="set" id="158"/>
    <descriptions class="set" id="159"/>
    <conceptMappings class="set" id="160"/>
    <attributes id="161"/>
  </org.openmrs.Concept>
  <org.openmrs.Concept id="162" uuid="ce6847d6-4584-4c8c-9bc0-540ad24d18be">
    <conceptId>55262</conceptId>
    <retired>false</retired>
    <datatype reference="21"/>
    <conceptClass reference="5"/>
    <set>false</set>
    <creator/>
    <dateCreated id="163">2024-07-15 12:39:01</dateCreated>
    <changedBy/>
    <dateChanged id="164">2024-07-15 12:39:01</dateChanged>
    <names class="set" id="165">
      <org.openmrs.ConceptName id="166" uuid="606c3150-d51e-439b-a3b5-58d8c0fc7cca">
        <conceptNameId>132948</conceptNameId>
        <concept reference="162"/>
        <name>Deworming Vxnaid</name>
        <locale id="167">en</locale>
        <creator/>
        <dateCreated id="168">2024-07-15 12:39:01</dateCreated>
        <voided>false</voided>
        <tags class="set" id="169"/>
        <conceptNameType>FULLY_SPECIFIED</conceptNameType>
        <localePreferred>true</localePreferred>
      </org.openmrs.ConceptName>
    </names>
    <answers class="set" id="170"/>
    <conceptSets class="set" id="171"/>
    <descriptions class="set" id="172"/>
    <conceptMappings class="set" id="173"/>
    <attributes id="174"/>
  </org.openmrs.Concept>
  <org.openmrs.Concept id="175" uuid="fcc5d716-1174-4207-9d3a-31b3d8750d69">
    <conceptId>55238</conceptId>
    <retired>false</retired>
    <datatype reference="21"/>
    <conceptClass reference="5"/>
    <set>false</set>
    <creator/>
    <dateCreated id="176">2024-07-15 09:58:49</dateCreated>
    <changedBy/>
    <dateChanged id="177">2024-07-15 10:08:46</dateChanged>
    <names class="set" id="178">
      <org.openmrs.ConceptName id="179" uuid="e2307025-fddb-46c6-9178-84b71a43fe28">
        <conceptNameId>132919</conceptNameId>
        <concept reference="175"/>
        <name>Polio 3</name>
        <locale id="180">en</locale>
        <creator/>
        <dateCreated id="181">2024-07-15 09:58:49</dateCreated>
        <voided>true</voided>
        <voidedBy/>
        <dateVoided id="182">2024-07-15 10:08:46</dateVoided>
        <voidReason>Deleted due to change of name</voidReason>
        <tags class="set" id="183"/>
        <localePreferred>false</localePreferred>
        <changedBy/>
        <dateChanged id="184">2024-07-15 10:08:46</dateChanged>
      </org.openmrs.ConceptName>
      <org.openmrs.ConceptName id="185" uuid="6533644b-8c5d-4b9c-bc7d-c95ee1453427">
        <conceptNameId>132923</conceptNameId>
        <concept reference="175"/>
        <name>Polio 3 Vxnaid</name>
        <locale id="186">en</locale>
        <creator/>
        <dateCreated id="187">2024-07-15 10:08:46</dateCreated>
        <voided>false</voided>
        <tags class="set" id="188"/>
        <conceptNameType>FULLY_SPECIFIED</conceptNameType>
        <localePreferred>true</localePreferred>
        <changedBy/>
        <dateChanged id="189">2024-07-15 10:08:46</dateChanged>
      </org.openmrs.ConceptName>
    </names>
    <answers class="set" id="190"/>
    <conceptSets class="set" id="191"/>
    <descriptions class="set" id="192"/>
    <conceptMappings class="set" id="193"/>
    <attributes id="194"/>
  </org.openmrs.Concept>
  <org.openmrs.Concept id="195" uuid="9e842313-d2ee-4d87-9bd1-56cc94689eb6">
    <conceptId>55247</conceptId>
    <retired>false</retired>
    <datatype reference="21"/>
    <conceptClass reference="5"/>
    <set>false</set>
    <creator/>
    <dateCreated id="196">2024-07-15 10:23:05</dateCreated>
    <changedBy/>
    <dateChanged id="197">2024-07-15 10:23:05</dateChanged>
    <names class="set" id="198">
      <org.openmrs.ConceptName id="199" uuid="2bc7ade3-298d-4cac-8e9b-522d5a097bcb">
        <conceptNameId>132933</conceptNameId>
        <concept reference="195"/>
        <name>DPT-HepB-Hib 3 Vxnaid</name>
        <locale id="200">en</locale>
        <creator/>
        <dateCreated id="201">2024-07-15 10:23:05</dateCreated>
        <voided>false</voided>
        <tags class="set" id="202"/>
        <conceptNameType>FULLY_SPECIFIED</conceptNameType>
        <localePreferred>true</localePreferred>
      </org.openmrs.ConceptName>
    </names>
    <answers class="set" id="203"/>
    <conceptSets class="set" id="204"/>
    <descriptions class="set" id="205"/>
    <conceptMappings class="set" id="206"/>
    <attributes id="207"/>
  </org.openmrs.Concept>
  <org.openmrs.Concept id="208" uuid="d6bd17da-a8dd-4004-a2fd-6a0bf36e06c1">
    <conceptId>55242</conceptId>
    <retired>false</retired>
    <datatype reference="21"/>
    <conceptClass reference="5"/>
    <set>false</set>
    <creator/>
    <dateCreated id="209">2024-07-15 10:19:47</dateCreated>
    <changedBy/>
    <dateChanged id="210">2024-07-15 10:19:47</dateChanged>
    <names class="set" id="211">
      <org.openmrs.ConceptName id="212" uuid="6bd22491-7083-4c59-8adf-ea6824d154e9">
        <conceptNameId>132928</conceptNameId>
        <concept reference="208"/>
        <name>PCV 1 Vxnaid</name>
        <locale id="213">en</locale>
        <creator/>
        <dateCreated id="214">2024-07-15 10:19:47</dateCreated>
        <voided>false</voided>
        <tags class="set" id="215"/>
        <conceptNameType>FULLY_SPECIFIED</conceptNameType>
        <localePreferred>true</localePreferred>
      </org.openmrs.ConceptName>
    </names>
    <answers class="set" id="216"/>
    <conceptSets class="set" id="217"/>
    <descriptions class="set" id="218"/>
    <conceptMappings class="set" id="219"/>
    <attributes id="220"/>
  </org.openmrs.Concept>
  <org.openmrs.Concept id="221" uuid="b44ca45b-3bc5-441a-a75d-cb96eca6e875">
    <conceptId>55249</conceptId>
    <retired>false</retired>
    <datatype reference="21"/>
    <conceptClass reference="5"/>
    <set>false</set>
    <creator/>
    <dateCreated id="222">2024-07-15 10:25:26</dateCreated>
    <changedBy/>
    <dateChanged id="223">2024-07-15 10:25:26</dateChanged>
    <names class="set" id="224">
      <org.openmrs.ConceptName id="225" uuid="878fd4c3-0347-42db-8e3f-66cefba407e6">
        <conceptNameId>132935</conceptNameId>
        <concept reference="221"/>
        <name>Measles Rubella 1 (MR1) Vxnaid</name>
        <locale id="226">en</locale>
        <creator/>
        <dateCreated id="227">2024-07-15 10:25:26</dateCreated>
        <voided>false</voided>
        <tags class="set" id="228"/>
        <conceptNameType>FULLY_SPECIFIED</conceptNameType>
        <localePreferred>true</localePreferred>
      </org.openmrs.ConceptName>
    </names>
    <answers class="set" id="229"/>
    <conceptSets class="set" id="230"/>
    <descriptions class="set" id="231"/>
    <conceptMappings class="set" id="232"/>
    <attributes id="233"/>
  </org.openmrs.Concept>
  <org.openmrs.Concept id="234" uuid="0199e506-de97-4e85-9515-7cc8d49351c1">
    <conceptId>55237</conceptId>
    <retired>false</retired>
    <datatype reference="21"/>
    <conceptClass reference="5"/>
    <set>false</set>
    <creator/>
    <dateCreated id="235">2024-07-15 09:58:15</dateCreated>
    <changedBy/>
    <dateChanged id="236">2024-07-15 10:08:22</dateChanged>
    <names class="set" id="237">
      <org.openmrs.ConceptName id="238" uuid="16b75ccb-7d81-4f90-9219-a81f30344c42">
        <conceptNameId>132918</conceptNameId>
        <concept reference="234"/>
        <name>Polio 2</name>
        <locale id="239">en</locale>
        <creator/>
        <dateCreated id="240">2024-07-15 09:58:15</dateCreated>
        <voided>true</voided>
        <voidedBy/>
        <dateVoided id="241">2024-07-15 10:08:22</dateVoided>
        <voidReason>Deleted due to change of name</voidReason>
        <tags class="set" id="242"/>
        <localePreferred>false</localePreferred>
        <changedBy/>
        <dateChanged id="243">2024-07-15 10:08:22</dateChanged>
      </org.openmrs.ConceptName>
      <org.openmrs.ConceptName id="244" uuid="1a3e6de6-8bd2-4b8a-8451-d22bce29ad7e">
        <conceptNameId>132922</conceptNameId>
        <concept reference="234"/>
        <name>Polio 2 Vxnaid</name>
        <locale id="245">en</locale>
        <creator/>
        <dateCreated id="246">2024-07-15 10:08:22</dateCreated>
        <voided>false</voided>
        <tags class="set" id="247"/>
        <conceptNameType>FULLY_SPECIFIED</conceptNameType>
        <localePreferred>true</localePreferred>
        <changedBy/>
        <dateChanged id="248">2024-07-15 10:08:22</dateChanged>
      </org.openmrs.ConceptName>
    </names>
    <answers class="set" id="249"/>
    <conceptSets class="set" id="250"/>
    <descriptions class="set" id="251"/>
    <conceptMappings class="set" id="252"/>
    <attributes id="253"/>
  </org.openmrs.Concept>
  <org.openmrs.Concept id="254" uuid="63661dfd-e719-45e3-974b-5de4b0a40750">
    <conceptId>55235</conceptId>
    <retired>false</retired>
    <datatype reference="21"/>
    <conceptClass reference="5"/>
    <set>false</set>
    <creator/>
    <dateCreated id="255">2024-07-15 09:56:22</dateCreated>
    <changedBy/>
    <dateChanged id="256">2024-07-15 10:07:47</dateChanged>
    <names class="set" id="257">
      <org.openmrs.ConceptName id="258" uuid="17391391-5a46-4a53-8218-515a5c216d8f">
        <conceptNameId>132920</conceptNameId>
        <concept reference="254"/>
        <name>Polio 0 Vxnaid</name>
        <locale id="259">en</locale>
        <creator/>
        <dateCreated id="260">2024-07-15 10:07:47</dateCreated>
        <voided>false</voided>
        <tags class="set" id="261"/>
        <conceptNameType>FULLY_SPECIFIED</conceptNameType>
        <localePreferred>true</localePreferred>
        <changedBy/>
        <dateChanged id="262">2024-07-15 10:07:47</dateChanged>
      </org.openmrs.ConceptName>
      <org.openmrs.ConceptName id="263" uuid="09db3c7f-129e-4aff-9303-07ef6395e07a">
        <conceptNameId>132916</conceptNameId>
        <concept reference="254"/>
        <name>Polio 0</name>
        <locale id="264">en</locale>
        <creator/>
        <dateCreated id="265">2024-07-15 09:56:22</dateCreated>
        <voided>true</voided>
        <voidedBy/>
        <dateVoided id="266">2024-07-15 10:07:47</dateVoided>
        <voidReason>Deleted due to change of name</voidReason>
        <tags class="set" id="267"/>
        <localePreferred>false</localePreferred>
        <changedBy/>
        <dateChanged id="268">2024-07-15 10:07:47</dateChanged>
      </org.openmrs.ConceptName>
    </names>
    <answers class="set" id="269"/>
    <conceptSets class="set" id="270"/>
    <descriptions class="set" id="271"/>
    <conceptMappings class="set" id="272"/>
    <attributes id="273"/>
  </org.openmrs.Concept>
  <org.openmrs.Concept id="274" uuid="62273216-6898-4e91-9cb9-e39d651e2685">
    <conceptId>55248</conceptId>
    <retired>false</retired>
    <datatype reference="21"/>
    <conceptClass reference="5"/>
    <set>false</set>
    <creator/>
    <dateCreated id="275">2024-07-15 10:24:27</dateCreated>
    <changedBy/>
    <dateChanged id="276">2024-07-15 10:24:27</dateChanged>
    <names class="set" id="277">
      <org.openmrs.ConceptName id="278" uuid="0fd4e5a9-5fc6-4f09-9b32-e850811b75b6">
        <conceptNameId>132934</conceptNameId>
        <concept reference="274"/>
        <name>IPV Vxnaid</name>
        <locale id="279">en</locale>
        <creator/>
        <dateCreated id="280">2024-07-15 10:24:27</dateCreated>
        <voided>false</voided>
        <tags class="set" id="281"/>
        <conceptNameType>FULLY_SPECIFIED</conceptNameType>
        <localePreferred>true</localePreferred>
      </org.openmrs.ConceptName>
    </names>
    <answers class="set" id="282"/>
    <conceptSets class="set" id="283"/>
    <descriptions class="set" id="284"/>
    <conceptMappings class="set" id="285"/>
    <attributes id="286"/>
  </org.openmrs.Concept>
  <org.openmrs.Concept id="287" uuid="7730ebac-c259-4e86-9d26-1ddae1b4ea00">
    <conceptId>55252</conceptId>
    <retired>false</retired>
    <datatype reference="21"/>
    <conceptClass reference="5"/>
    <set>false</set>
    <creator/>
    <dateCreated id="288">2024-07-15 10:42:58</dateCreated>
    <changedBy/>
    <dateChanged id="289">2024-07-15 16:23:18</dateChanged>
    <names class="set" id="290">
      <org.openmrs.ConceptName id="291" uuid="d295f70a-aa06-4705-bf59-92af0ee4d116">
        <conceptNameId>132938</conceptNameId>
        <concept reference="287"/>
        <name>HPV Vxnaid</name>
        <locale id="292">en</locale>
        <creator/>
        <dateCreated id="293">2024-07-15 10:42:58</dateCreated>
        <voided>true</voided>
        <voidedBy/>
        <dateVoided id="294">2024-07-15 16:23:18</dateVoided>
        <voidReason>Deleted due to change of name</voidReason>
        <tags class="set" id="295"/>
        <localePreferred>false</localePreferred>
        <changedBy/>
        <dateChanged id="296">2024-07-15 16:23:18</dateChanged>
      </org.openmrs.ConceptName>
      <org.openmrs.ConceptName id="297" uuid="5a4e764f-de38-42d2-9c78-577f88d8e333">
        <conceptNameId>132950</conceptNameId>
        <concept reference="287"/>
        <name>HPV 1 Vxnaid</name>
        <locale id="298">en</locale>
        <creator/>
        <dateCreated id="299">2024-07-15 16:23:18</dateCreated>
        <voided>false</voided>
        <tags class="set" id="300"/>
        <conceptNameType>FULLY_SPECIFIED</conceptNameType>
        <localePreferred>true</localePreferred>
        <changedBy/>
        <dateChanged id="301">2024-07-15 16:23:18</dateChanged>
      </org.openmrs.ConceptName>
    </names>
    <answers class="set" id="302"/>
    <conceptSets class="set" id="303"/>
    <descriptions class="set" id="304"/>
    <conceptMappings class="set" id="305"/>
    <attributes id="306"/>
  </org.openmrs.Concept>
  <org.openmrs.Concept id="307" uuid="dbf1de60-5b7c-4db4-aa43-030e6ae0554f">
    <conceptId>55239</conceptId>
    <retired>false</retired>
    <datatype reference="21"/>
    <conceptClass reference="5"/>
    <set>false</set>
    <creator/>
    <dateCreated id="308">2024-07-15 10:10:10</dateCreated>
    <changedBy/>
    <dateChanged id="309">2024-07-15 10:10:10</dateChanged>
    <names class="set" id="310">
      <org.openmrs.ConceptName id="311" uuid="788088fe-c6a4-4367-b212-8fa786743c58">
        <conceptNameId>132924</conceptNameId>
        <concept reference="307"/>
        <name>BCG Vxnaid</name>
        <locale id="312">en</locale>
        <creator/>
        <dateCreated id="313">2024-07-15 10:10:10</dateCreated>
        <voided>false</voided>
        <tags class="set" id="314"/>
        <conceptNameType>FULLY_SPECIFIED</conceptNameType>
        <localePreferred>true</localePreferred>
      </org.openmrs.ConceptName>
    </names>
    <answers class="set" id="315"/>
    <conceptSets class="set" id="316"/>
    <descriptions class="set" id="317"/>
    <conceptMappings class="set" id="318"/>
    <attributes id="319"/>
  </org.openmrs.Concept>
  <org.openmrs.Concept id="320" uuid="f30163f9-3569-41bb-81cf-da7b3c1e8838">
    <conceptId>55251</conceptId>
    <retired>false</retired>
    <datatype reference="21"/>
    <conceptClass reference="5"/>
    <set>false</set>
    <creator/>
    <dateCreated id="321">2024-07-15 10:42:21</dateCreated>
    <changedBy/>
    <dateChanged id="322">2024-07-15 16:21:58</dateChanged>
    <names class="set" id="323">
      <org.openmrs.ConceptName id="324" uuid="3498b8e8-5103-44ab-98bf-2a80ac55f1af">
        <conceptNameId>132937</conceptNameId>
        <concept reference="320"/>
        <name>Fever Vxnaid</name>
        <locale id="325">en</locale>
        <creator/>
        <dateCreated id="326">2024-07-15 10:42:21</dateCreated>
        <voided>true</voided>
        <voidedBy/>
        <dateVoided id="327">2024-07-15 16:21:58</dateVoided>
        <voidReason>Deleted due to change of name</voidReason>
        <tags class="set" id="328"/>
        <localePreferred>false</localePreferred>
        <changedBy/>
        <dateChanged id="329">2024-07-15 16:21:58</dateChanged>
      </org.openmrs.ConceptName>
      <org.openmrs.ConceptName id="330" uuid="99be029c-5488-4810-b320-079ac0da578b">
        <conceptNameId>132949</conceptNameId>
        <concept reference="320"/>
        <name>Yellow Fever Vxnaid</name>
        <locale id="331">en</locale>
        <creator/>
        <dateCreated id="332">2024-07-15 16:21:58</dateCreated>
        <voided>false</voided>
        <tags class="set" id="333"/>
        <conceptNameType>FULLY_SPECIFIED</conceptNameType>
        <localePreferred>true</localePreferred>
        <changedBy/>
        <dateChanged id="334">2024-07-15 16:21:58</dateChanged>
      </org.openmrs.ConceptName>
    </names>
    <answers class="set" id="335"/>
    <conceptSets class="set" id="336"/>
    <descriptions class="set" id="337"/>
    <conceptMappings class="set" id="338"/>
    <attributes id="339"/>
  </org.openmrs.Concept>
  <org.openmrs.Concept id="340" uuid="18489778-6502-4cfa-bec0-b7092f702cb0">
    <conceptId>55240</conceptId>
    <retired>false</retired>
    <datatype reference="21"/>
    <conceptClass reference="5"/>
    <set>false</set>
    <creator/>
    <dateCreated id="341">2024-07-15 10:13:10</dateCreated>
    <changedBy/>
    <dateChanged id="342">2024-07-15 10:13:24</dateChanged>
    <names class="set" id="343">
      <org.openmrs.ConceptName id="344" uuid="ff6f51ff-e886-4156-b2f2-39ab43bb0ac7">
        <conceptNameId>132925</conceptNameId>
        <concept reference="340"/>
        <name>Rota 1</name>
        <locale id="345">en</locale>
        <creator/>
        <dateCreated id="346">2024-07-15 10:13:10</dateCreated>
        <voided>true</voided>
        <voidedBy/>
        <dateVoided id="347">2024-07-15 10:13:24</dateVoided>
        <voidReason>Deleted due to change of name</voidReason>
        <tags class="set" id="348"/>
        <localePreferred>false</localePreferred>
        <changedBy/>
        <dateChanged id="349">2024-07-15 10:13:24</dateChanged>
      </org.openmrs.ConceptName>
      <org.openmrs.ConceptName id="350" uuid="4eedec36-8460-4816-9fa7-ccaa78107128">
        <conceptNameId>132926</conceptNameId>
        <concept reference="340"/>
        <name>Rota 1 Vxnaid</name>
        <locale id="351">en</locale>
        <creator/>
        <dateCreated id="352">2024-07-15 10:13:24</dateCreated>
        <voided>false</voided>
        <tags class="set" id="353"/>
        <conceptNameType>FULLY_SPECIFIED</conceptNameType>
        <localePreferred>true</localePreferred>
        <changedBy/>
        <dateChanged id="354">2024-07-15 10:13:24</dateChanged>
      </org.openmrs.ConceptName>
    </names>
    <answers class="set" id="355"/>
    <conceptSets class="set" id="356"/>
    <descriptions class="set" id="357"/>
    <conceptMappings class="set" id="358"/>
    <attributes id="359"/>
  </org.openmrs.Concept>
  <org.openmrs.Concept id="360" uuid="f0ec377a-8d11-41fa-9921-4fd61bb102da">
    <conceptId>55246</conceptId>
    <retired>false</retired>
    <datatype reference="21"/>
    <conceptClass reference="5"/>
    <set>false</set>
    <creator/>
    <dateCreated id="361">2024-07-15 10:22:19</dateCreated>
    <changedBy/>
    <dateChanged id="362">2024-07-15 10:22:19</dateChanged>
    <names class="set" id="363">
      <org.openmrs.ConceptName id="364" uuid="1f8791fe-fa53-46b0-8c2c-c270e0fc0fb1">
        <conceptNameId>132932</conceptNameId>
        <concept reference="360"/>
        <name>DPT-HepB-Hib 2 Vxnaid</name>
        <locale id="365">en</locale>
        <creator/>
        <dateCreated id="366">2024-07-15 10:22:19</dateCreated>
        <voided>false</voided>
        <tags class="set" id="367"/>
        <conceptNameType>FULLY_SPECIFIED</conceptNameType>
        <localePreferred>true</localePreferred>
      </org.openmrs.ConceptName>
    </names>
    <answers class="set" id="368"/>
    <conceptSets class="set" id="369"/>
    <descriptions class="set" id="370"/>
    <conceptMappings class="set" id="371"/>
    <attributes id="372"/>
  </org.openmrs.Concept>
  <org.openmrs.Concept id="373" uuid="fc75d1f4-3205-40b2-8f85-16accb303115">
    <conceptId>55250</conceptId>
    <retired>false</retired>
    <datatype reference="21"/>
    <conceptClass reference="5"/>
    <set>false</set>
    <creator/>
    <dateCreated id="374">2024-07-15 10:39:21</dateCreated>
    <changedBy/>
    <dateChanged id="375">2024-07-15 10:39:21</dateChanged>
    <names class="set" id="376">
      <org.openmrs.ConceptName id="377" uuid="45b4119e-5cf2-43a2-a40b-a8cb90c4f27d">
        <conceptNameId>132936</conceptNameId>
        <concept reference="373"/>
        <name>Measles Rubella 2 (MR2) Vxnaid</name>
        <locale id="378">en</locale>
        <creator/>
        <dateCreated id="379">2024-07-15 10:39:21</dateCreated>
        <voided>false</voided>
        <tags class="set" id="380"/>
        <conceptNameType>FULLY_SPECIFIED</conceptNameType>
        <localePreferred>true</localePreferred>
      </org.openmrs.ConceptName>
    </names>
    <answers class="set" id="381"/>
    <conceptSets class="set" id="382"/>
    <descriptions class="set" id="383"/>
    <conceptMappings class="set" id="384"/>
    <attributes id="385"/>
  </org.openmrs.Concept>
  <org.openmrs.Concept id="386" uuid="9af6c76f-2f71-49fc-a21a-fe280c24b676">
    <conceptId>55241</conceptId>
    <retired>false</retired>
    <datatype reference="21"/>
    <conceptClass reference="5"/>
    <set>false</set>
    <creator/>
    <dateCreated id="387">2024-07-15 10:14:03</dateCreated>
    <changedBy/>
    <dateChanged id="388">2024-07-15 10:14:03</dateChanged>
    <names class="set" id="389">
      <org.openmrs.ConceptName id="390" uuid="1f0056dc-0d83-432e-9436-1e6135561307">
        <conceptNameId>132927</conceptNameId>
        <concept reference="386"/>
        <name>Rota 2 Vxnaid</name>
        <locale id="391">en</locale>
        <creator/>
        <dateCreated id="392">2024-07-15 10:14:03</dateCreated>
        <voided>false</voided>
        <tags class="set" id="393"/>
        <conceptNameType>FULLY_SPECIFIED</conceptNameType>
        <localePreferred>true</localePreferred>
      </org.openmrs.ConceptName>
    </names>
    <answers class="set" id="394"/>
    <conceptSets class="set" id="395"/>
    <descriptions class="set" id="396"/>
    <conceptMappings class="set" id="397"/>
    <attributes id="398"/>
  </org.openmrs.Concept>
  <org.openmrs.Concept id="399" uuid="b207b3b4-1cee-4e68-badc-ecd0b1d0ae97">
    <conceptId>55243</conceptId>
    <retired>false</retired>
    <datatype reference="21"/>
    <conceptClass reference="5"/>
    <set>false</set>
    <creator/>
    <dateCreated id="400">2024-07-15 10:20:32</dateCreated>
    <changedBy/>
    <dateChanged id="401">2024-07-15 10:20:32</dateChanged>
    <names class="set" id="402">
      <org.openmrs.ConceptName id="403" uuid="6f8da042-61a8-4f84-9eaa-a11fb30d596a">
        <conceptNameId>132929</conceptNameId>
        <concept reference="399"/>
        <name>PCV 2 Vxnaid</name>
        <locale id="404">en</locale>
        <creator/>
        <dateCreated id="405">2024-07-15 10:20:32</dateCreated>
        <voided>false</voided>
        <tags class="set" id="406"/>
        <conceptNameType>FULLY_SPECIFIED</conceptNameType>
        <localePreferred>true</localePreferred>
      </org.openmrs.ConceptName>
    </names>
    <answers class="set" id="407"/>
    <conceptSets class="set" id="408"/>
    <descriptions class="set" id="409"/>
    <conceptMappings class="set" id="410"/>
    <attributes id="411"/>
  </org.openmrs.Concept>
  <org.openmrs.Concept id="412" uuid="0728a850-9983-492d-adc0-98fbe635ae10">
    <conceptId>55236</conceptId>
    <retired>false</retired>
    <datatype reference="21"/>
    <conceptClass reference="5"/>
    <set>false</set>
    <creator/>
    <dateCreated id="413">2024-07-15 09:57:43</dateCreated>
    <changedBy/>
    <dateChanged id="414">2024-07-15 10:08:06</dateChanged>
    <names class="set" id="415">
      <org.openmrs.ConceptName id="416" uuid="eb331c1d-3a83-4fd9-8da4-951a0b70f56e">
        <conceptNameId>132921</conceptNameId>
        <concept reference="412"/>
        <name>Polio 1 Vxnaid</name>
        <locale id="417">en</locale>
        <creator/>
        <dateCreated id="418">2024-07-15 10:08:06</dateCreated>
        <voided>false</voided>
        <tags class="set" id="419"/>
        <conceptNameType>FULLY_SPECIFIED</conceptNameType>
        <localePreferred>true</localePreferred>
        <changedBy/>
        <dateChanged id="420">2024-07-15 10:08:06</dateChanged>
      </org.openmrs.ConceptName>
      <org.openmrs.ConceptName id="421" uuid="77777c16-7482-49f5-81f2-e14b8ff66c07">
        <conceptNameId>132917</conceptNameId>
        <concept reference="412"/>
        <name>Polio 1</name>
        <locale id="422">en</locale>
        <creator/>
        <dateCreated id="423">2024-07-15 09:57:43</dateCreated>
        <voided>true</voided>
        <voidedBy/>
        <dateVoided id="424">2024-07-15 10:08:06</dateVoided>
        <voidReason>Deleted due to change of name</voidReason>
        <tags class="set" id="425"/>
        <localePreferred>false</localePreferred>
        <changedBy/>
        <dateChanged id="426">2024-07-15 10:08:06</dateChanged>
      </org.openmrs.ConceptName>
    </names>
    <answers class="set" id="427"/>
    <conceptSets class="set" id="428"/>
    <descriptions class="set" id="429"/>
    <conceptMappings class="set" id="430"/>
    <attributes id="431"/>
  </org.openmrs.Concept>
  <org.openmrs.Concept id="432" uuid="b8ca722b-9731-4e50-8081-ac9131230718">
    <conceptId>55253</conceptId>
    <retired>false</retired>
    <datatype reference="21"/>
    <conceptClass reference="5"/>
    <set>false</set>
    <creator/>
    <dateCreated id="433">2024-07-15 11:39:44</dateCreated>
    <changedBy/>
    <dateChanged id="434">2024-07-15 11:39:44</dateChanged>
    <names class="set" id="435">
      <org.openmrs.ConceptName id="436" uuid="51749952-88cf-4cb0-963d-3b03f6768a68">
        <conceptNameId>132939</conceptNameId>
        <concept reference="432"/>
        <name>Protection at birth for TT Vxnaid</name>
        <locale id="437">en</locale>
        <creator/>
        <dateCreated id="438">2024-07-15 11:39:44</dateCreated>
        <voided>false</voided>
        <tags class="set" id="439"/>
        <conceptNameType>FULLY_SPECIFIED</conceptNameType>
        <localePreferred>true</localePreferred>
      </org.openmrs.ConceptName>
    </names>
    <answers class="set" id="440"/>
    <conceptSets class="set" id="441"/>
    <descriptions class="set" id="442"/>
    <conceptMappings class="set" id="443"/>
    <attributes id="444"/>
  </org.openmrs.Concept>
  <org.openmrs.Concept id="445" uuid="c9beea3e-d88f-4b3e-a958-8837874085b2">
    <conceptId>55256</conceptId>
    <retired>false</retired>
    <datatype reference="21"/>
    <conceptClass reference="5"/>
    <set>false</set>
    <creator/>
    <dateCreated id="446">2024-07-15 11:42:16</dateCreated>
    <changedBy/>
    <dateChanged id="447">2024-07-15 11:42:16</dateChanged>
    <names class="set" id="448">
      <org.openmrs.ConceptName id="449" uuid="68769ffa-6c91-431c-8285-3d139501075d">
        <conceptNameId>132942</conceptNameId>
        <concept reference="445"/>
        <name>Infant HIV Screening Vxnaid</name>
        <locale id="450">en</locale>
        <creator/>
        <dateCreated id="451">2024-07-15 11:42:16</dateCreated>
        <voided>false</voided>
        <tags class="set" id="452"/>
        <conceptNameType>FULLY_SPECIFIED</conceptNameType>
        <localePreferred>true</localePreferred>
      </org.openmrs.ConceptName>
    </names>
    <answers class="set" id="453"/>
    <conceptSets class="set" id="454"/>
    <descriptions class="set" id="455"/>
    <conceptMappings class="set" id="456"/>
    <attributes id="457"/>
  </org.openmrs.Concept>
</list>
