<?xml version="1.0" encoding="UTF-8"?>
<package id="1" uuid="22189010-7ff9-4119-b797-ed5edd4e1e69">
  <dateCreated id="2">2022-03-18 11:26:47</dateCreated>
  <name>VMP_Configure_Metadata_Apps</name>
  <description>VMP Configure Metadata Apps</description>
  <openmrsVersion>2.3.0  Build b3ade0</openmrsVersion>
  <version>2</version>
  <groupUuid>3b6bad6d-b6e4-4111-a8b1-1ffddeba835d</groupUuid>
  <modules id="3">
    <entry>
      <string>openconceptlab</string>
      <string>2.0.0-SNAPSHOT</string>
    </entry>
    <entry>
      <string>calculation</string>
      <string>1.2</string>
    </entry>
    <entry>
      <string>legacyui</string>
      <string>1.6.0</string>
    </entry>
    <entry>
      <string>appointmentscheduling</string>
      <string>1.12.0</string>
    </entry>
    <entry>
      <string>appointmentschedulingui</string>
      <string>1.9.0</string>
    </entry>
    <entry>
      <string>htmlwidgets</string>
      <string>1.10.0</string>
    </entry>
    <entry>
      <string>dataexchange</string>
      <string>1.3.4</string>
    </entry>
    <entry>
      <string>addresshierarchy</string>
      <string>2.11.0</string>
    </entry>
    <entry>
      <string>reportingui</string>
      <string>1.6.0</string>
    </entry>
    <entry>
      <string>uicommons</string>
      <string>2.14.0-SNAPSHOT</string>
    </entry>
    <entry>
      <string>patientflags</string>
      <string>3.0.2</string>
    </entry>
    <entry>
      <string>emrapi</string>
      <string>1.29.0-SNAPSHOT</string>
    </entry>
    <entry>
      <string>biometric</string>
      <string>1.2.3-SNAPSHOT</string>
    </entry>
    <entry>
      <string>registrationapp</string>
      <string>1.20.0-SNAPSHOT</string>
    </entry>
    <entry>
      <string>idgen</string>
      <string>4.5.0</string>
    </entry>
    <entry>
      <string>htmlformentry</string>
      <string>4.0.0</string>
    </entry>
    <entry>
      <string>etllite</string>
      <string>1.1.4</string>
    </entry>
    <entry>
      <string>licensemanagement</string>
      <string>1.1.2-SNAPSHOT</string>
    </entry>
    <entry>
      <string>reportingcompatibility</string>
      <string>2.0.6</string>
    </entry>
    <entry>
      <string>cfldistribution</string>
      <string>1.2.5-SNAPSHOT</string>
    </entry>
    <entry>
      <string>uilibrary</string>
      <string>2.0.6</string>
    </entry>
    <entry>
      <string>locationbasedaccess</string>
      <string>0.3.0-SNAPSHOT</string>
    </entry>
    <entry>
      <string>adminui</string>
      <string>1.3.0</string>
    </entry>
    <entry>
      <string>messages</string>
      <string>1.5.0</string>
    </entry>
    <entry>
      <string>metadatamapping</string>
      <string>1.3.4</string>
    </entry>
    <entry>
      <string>coreapps</string>
      <string>1.29.0</string>
    </entry>
    <entry>
      <string>serialization.xstream</string>
      <string>0.2.14</string>
    </entry>
    <entry>
      <string>cfldistribution-vmp</string>
      <string>1.0.0</string>
    </entry>
    <entry>
      <string>attachments</string>
      <string>2.4.0</string>
    </entry>
    <entry>
      <string>metadatadeploy</string>
      <string>1.11.0</string>
    </entry>
    <entry>
      <string>fhir</string>
      <string>1.20.0</string>
    </entry>
    <entry>
      <string>metadatasharing</string>
      <string>1.6.0</string>
    </entry>
    <entry>
      <string>allergyui</string>
      <string>1.8.3-SNAPSHOT</string>
    </entry>
    <entry>
      <string>formentryapp</string>
      <string>1.4.2</string>
    </entry>
    <entry>
      <string>providermanagement</string>
      <string>2.10.0</string>
    </entry>
    <entry>
      <string>visits</string>
      <string>1.3.2</string>
    </entry>
    <entry>
      <string>sms</string>
      <string>1.2.1</string>
    </entry>
    <entry>
      <string>reportingrest</string>
      <string>1.11.0</string>
    </entry>
    <entry>
      <string>uiframework</string>
      <string>3.19.0</string>
    </entry>
    <entry>
      <string>event</string>
      <string>2.9.0-SNAPSHOT</string>
    </entry>
    <entry>
      <string>reporting</string>
      <string>1.21.0-SNAPSHOT</string>
    </entry>
    <entry>
      <string>callflows</string>
      <string>1.1.4</string>
    </entry>
    <entry>
      <string>htmlformentryui</string>
      <string>2.0.0-SNAPSHOT</string>
    </entry>
    <entry>
      <string>cfl</string>
      <string>1.8.1-SNAPSHOT</string>
    </entry>
    <entry>
      <string>appframework</string>
      <string>2.15.0-SNAPSHOT</string>
    </entry>
    <entry>
      <string>webservices.rest</string>
      <string>2.29.1-SNAPSHOT.ccf336</string>
    </entry>
    <entry>
      <string>registrationcore</string>
      <string>1.9.0</string>
    </entry>
    <entry>
      <string>owa</string>
      <string>1.10.0</string>
    </entry>
    <entry>
      <string>appui</string>
      <string>1.13.0-SNAPSHOT</string>
    </entry>
  </modules>
  <items class="linked-hash-set" id="4">
    <org.openmrs.module.metadatasharing.Item id="5" uuid="6fec444a-7bdb-3d2b-90b5-645b70162ae5">
      <id>142148938</id>
      <classname>org.openmrs.module.appframework.domain.UserApp</classname>
      <retired>false</retired>
    </org.openmrs.module.metadatasharing.Item>
  </items>
  <relatedItems class="linked-hash-set" id="6"/>
</package>
