<?xml version="1.0" encoding="UTF-8"?>
<list id="1">
  <org.openmrs.EncounterType id="2" uuid="b1843da6-40a7-4fe7-be9f-b23229b9b5fa">
    <name>Follow up</name>
    <description>Follow up</description>
    <creator/>
    <dateCreated id="3">2021-02-14 11:38:16</dateCreated>
    <retired>false</retired>
    <encounterTypeId>11</encounterTypeId>
  </org.openmrs.EncounterType>
  <org.openmrs.EncounterType id="4" uuid="fb6f3e6e-4ca1-4f5a-85aa-2c43a3738736">
    <name>Dosing</name>
    <description>Dosing</description>
    <creator/>
    <dateCreated id="5">2021-02-14 11:37:45</dateCreated>
    <retired>false</retired>
    <encounterTypeId>10</encounterTypeId>
  </org.openmrs.EncounterType>
</list>
