<?xml version="1.0" encoding="UTF-8"?>
<list id="1">
  <org.openmrs.VisitAttributeType id="2" uuid="722e38ec-32a4-4718-a1bf-c64e7e2c13cb">
    <name>Vaccine Manufacturer</name>
    <description>Vaccine Manufacturer</description>
    <creator/>
    <dateCreated id="3">2021-02-11 09:49:06</dateCreated>
    <retired>false</retired>
    <minOccurs>0</minOccurs>
    <datatypeClassname>org.openmrs.customdatatype.datatype.FreeTextDatatype</datatypeClassname>
    <visitAttributeTypeId>5</visitAttributeTypeId>
  </org.openmrs.VisitAttributeType>
  <org.openmrs.VisitAttributeType id="4" uuid="5899e8d4-5eac-11ee-8c99-0242ac120002">
    <name>Up Window</name>
    <description>Visit attribute type used to determine time window after the visit</description>
    <creator/>
    <dateCreated id="5">2024-01-22 12:47:26</dateCreated>
    <retired>false</retired>
    <minOccurs>0</minOccurs>
    <datatypeClassname>org.openmrs.customdatatype.datatype.FreeTextDatatype</datatypeClassname>
    <visitAttributeTypeId>9</visitAttributeTypeId>
  </org.openmrs.VisitAttributeType>
  <org.openmrs.VisitAttributeType id="6" uuid="5899ee92-5eac-11ee-8c99-0242ac120002">
    <name>Dose Number</name>
    <description>Visit attribute type used to determine vaccine dose number</description>
    <creator/>
    <dateCreated id="7">2024-01-22 12:47:26</dateCreated>
    <retired>false</retired>
    <minOccurs>0</minOccurs>
    <datatypeClassname>org.openmrs.customdatatype.datatype.FreeTextDatatype</datatypeClassname>
    <visitAttributeTypeId>11</visitAttributeTypeId>
  </org.openmrs.VisitAttributeType>
  <org.openmrs.VisitAttributeType id="8" uuid="5899ed48-5eac-11ee-8c99-0242ac120002">
    <name>Low Window</name>
    <description>Visit attribute type used to determine time window before the visit</description>
    <creator/>
    <dateCreated id="9">2024-01-22 12:47:26</dateCreated>
    <retired>false</retired>
    <minOccurs>0</minOccurs>
    <datatypeClassname>org.openmrs.customdatatype.datatype.FreeTextDatatype</datatypeClassname>
    <visitAttributeTypeId>10</visitAttributeTypeId>
  </org.openmrs.VisitAttributeType>
  <org.openmrs.VisitAttributeType id="10" uuid="3ceece14-3936-4e0f-b662-c22f8da4fcfa">
    <name>operatorUuid</name>
    <description>Operator UUID</description>
    <creator/>
    <dateCreated id="11">2021-04-22 05:52:04</dateCreated>
    <retired>false</retired>
    <minOccurs>0</minOccurs>
    <datatypeClassname>org.openmrs.customdatatype.datatype.FreeTextDatatype</datatypeClassname>
    <visitAttributeTypeId>7</visitAttributeTypeId>
  </org.openmrs.VisitAttributeType>
  <org.openmrs.VisitAttributeType id="12" uuid="d8de740c-0856-4244-bd8f-c87c73e7302a">
    <name>Reschedule Visit Reason</name>
    <creator/>
    <dateCreated id="13">2024-08-22 14:55:43</dateCreated>
    <retired>false</retired>
    <minOccurs>0</minOccurs>
    <datatypeClassname>org.openmrs.customdatatype.datatype.FreeTextDatatype</datatypeClassname>
    <visitAttributeTypeId>12</visitAttributeTypeId>
  </org.openmrs.VisitAttributeType>
</list>
