<?xml version="1.0" encoding="UTF-8"?>
<list id="1">
  <org.openmrs.VisitAttributeType id="2" uuid="722e38ec-32a4-4718-a1bf-c64e7e2c13cb">
    <name>Vaccine Manufacturer</name>
    <description>Vaccine Manufacturer</description>
    <creator/>
    <dateCreated id="3">2021-02-11 09:49:06</dateCreated>
    <changedBy/>
    <dateChanged id="4">2024-08-22 15:11:36</dateChanged>
    <retired>false</retired>
    <minOccurs>0</minOccurs>
    <datatypeClassname>org.openmrs.customdatatype.datatype.FreeTextDatatype</datatypeClassname>
    <visitAttributeTypeId>5</visitAttributeTypeId>
  </org.openmrs.VisitAttributeType>
  <org.openmrs.VisitAttributeType id="5" uuid="5899e8d4-5eac-11ee-8c99-0242ac120002">
    <name>Up Window</name>
    <description>Visit attribute type used to determine time window after the visit</description>
    <creator/>
    <dateCreated id="6">2024-01-22 12:47:26</dateCreated>
    <changedBy/>
    <dateChanged id="7">2024-08-22 15:11:36</dateChanged>
    <retired>false</retired>
    <minOccurs>0</minOccurs>
    <datatypeClassname>org.openmrs.customdatatype.datatype.FreeTextDatatype</datatypeClassname>
    <visitAttributeTypeId>9</visitAttributeTypeId>
  </org.openmrs.VisitAttributeType>
  <org.openmrs.VisitAttributeType id="8" uuid="5899ee92-5eac-11ee-8c99-0242ac120002">
    <name>Dose Number</name>
    <description>Visit attribute type used to determine vaccine dose number</description>
    <creator/>
    <dateCreated id="9">2024-01-22 12:47:26</dateCreated>
    <changedBy/>
    <dateChanged id="10">2024-08-22 15:11:36</dateChanged>
    <retired>false</retired>
    <minOccurs>0</minOccurs>
    <datatypeClassname>org.openmrs.customdatatype.datatype.FreeTextDatatype</datatypeClassname>
    <visitAttributeTypeId>11</visitAttributeTypeId>
  </org.openmrs.VisitAttributeType>
  <org.openmrs.VisitAttributeType id="11" uuid="5899ed48-5eac-11ee-8c99-0242ac120002">
    <name>Low Window</name>
    <description>Visit attribute type used to determine time window before the visit</description>
    <creator/>
    <dateCreated id="12">2024-01-22 12:47:26</dateCreated>
    <changedBy/>
    <dateChanged id="13">2024-08-22 15:11:36</dateChanged>
    <retired>false</retired>
    <minOccurs>0</minOccurs>
    <datatypeClassname>org.openmrs.customdatatype.datatype.FreeTextDatatype</datatypeClassname>
    <visitAttributeTypeId>10</visitAttributeTypeId>
  </org.openmrs.VisitAttributeType>
  <org.openmrs.VisitAttributeType id="14" uuid="3ceece14-3936-4e0f-b662-c22f8da4fcfa">
    <name>operatorUuid</name>
    <description>Operator UUID</description>
    <creator/>
    <dateCreated id="15">2021-04-22 05:52:04</dateCreated>
    <changedBy/>
    <dateChanged id="16">2024-08-22 15:11:36</dateChanged>
    <retired>false</retired>
    <minOccurs>0</minOccurs>
    <datatypeClassname>org.openmrs.customdatatype.datatype.FreeTextDatatype</datatypeClassname>
    <visitAttributeTypeId>7</visitAttributeTypeId>
  </org.openmrs.VisitAttributeType>
  <org.openmrs.VisitAttributeType id="17" uuid="f1b1ec3a-f13b-463b-a65e-11f17c784305">
    <name>Visit Location</name>
    <creator/>
    <dateCreated id="18">2024-08-23 12:55:35</dateCreated>
    <retired>false</retired>
    <minOccurs>0</minOccurs>
    <datatypeClassname>org.openmrs.customdatatype.datatype.FreeTextDatatype</datatypeClassname>
    <visitAttributeTypeId>13</visitAttributeTypeId>
  </org.openmrs.VisitAttributeType>
  <org.openmrs.VisitAttributeType id="19" uuid="d8de740c-0856-4244-bd8f-c87c73e7302a">
    <name>Reschedule Visit Reason</name>
    <creator/>
    <dateCreated id="20">2024-08-22 14:55:43</dateCreated>
    <changedBy/>
    <dateChanged id="21">2024-08-22 15:11:36</dateChanged>
    <retired>false</retired>
    <minOccurs>0</minOccurs>
    <datatypeClassname>org.openmrs.customdatatype.datatype.FreeTextDatatype</datatypeClassname>
    <visitAttributeTypeId>12</visitAttributeTypeId>
  </org.openmrs.VisitAttributeType>
</list>
