<?xml version="1.0" encoding="UTF-8"?>
<list id="1">
  <org.openmrs.VisitAttributeType id="2" uuid="158e141e-99d0-4df9-9a3c-7aef1b12b83a">
    <name>Dose number</name>
    <description>Dose number</description>
    <creator/>
    <dateCreated id="3">2021-02-11 09:48:33</dateCreated>
    <retired>false</retired>
    <minOccurs>0</minOccurs>
    <datatypeClassname>org.openmrs.customdatatype.datatype.FreeTextDatatype</datatypeClassname>
    <visitAttributeTypeId>5</visitAttributeTypeId>
  </org.openmrs.VisitAttributeType>
  <org.openmrs.VisitAttributeType id="4" uuid="722e38ec-32a4-4718-a1bf-c64e7e2c13cb">
    <name>Vaccine Manufacturer</name>
    <description>Vaccine Manufacturer</description>
    <creator/>
    <dateCreated id="5">2021-02-11 09:49:06</dateCreated>
    <retired>false</retired>
    <minOccurs>0</minOccurs>
    <datatypeClassname>org.openmrs.customdatatype.datatype.FreeTextDatatype</datatypeClassname>
    <visitAttributeTypeId>6</visitAttributeTypeId>
  </org.openmrs.VisitAttributeType>
  <org.openmrs.VisitAttributeType id="6" uuid="fe891e2a-376b-41d4-b4da-90b4ed547345">
    <name>Low Window</name>
    <description>Time window before visit</description>
    <creator/>
    <dateCreated id="7">2021-02-11 09:47:34</dateCreated>
    <changedBy/>
    <dateChanged id="8">2021-02-11 10:48:18</dateChanged>
    <retired>false</retired>
    <minOccurs>0</minOccurs>
    <datatypeClassname>org.openmrs.customdatatype.datatype.FreeTextDatatype</datatypeClassname>
    <visitAttributeTypeId>3</visitAttributeTypeId>
  </org.openmrs.VisitAttributeType>
  <org.openmrs.VisitAttributeType id="9" uuid="3ceece14-3936-4e0f-b662-c22f8da4fcfa">
    <name>operatorUuid</name>
    <description>Operator UUID</description>
    <creator/>
    <dateCreated id="10">2021-04-22 05:52:04</dateCreated>
    <retired>false</retired>
    <minOccurs>0</minOccurs>
    <datatypeClassname>org.openmrs.customdatatype.datatype.FreeTextDatatype</datatypeClassname>
    <visitAttributeTypeId>7</visitAttributeTypeId>
  </org.openmrs.VisitAttributeType>
  <org.openmrs.VisitAttributeType id="11" uuid="657e88c2-e9e9-46fd-b60c-18f0fbd79ddb">
    <name>Up Window</name>
    <creator/>
    <dateCreated id="12">2021-02-11 09:48:03</dateCreated>
    <changedBy/>
    <dateChanged id="13">2021-02-11 10:48:54</dateChanged>
    <retired>false</retired>
    <minOccurs>0</minOccurs>
    <datatypeClassname>org.openmrs.customdatatype.datatype.FreeTextDatatype</datatypeClassname>
    <visitAttributeTypeId>4</visitAttributeTypeId>
  </org.openmrs.VisitAttributeType>
</list>
