<?xml version="1.0" encoding="UTF-8"?>
<list id="1">
  <org.openmrs.VisitType id="2" uuid="d65fbf28-35ee-4792-bafa-bb8595806152">
    <name>Follow-up</name>
    <description>Follow-up visit type.</description>
    <creator/>
    <dateCreated id="3">2020-03-06 00:00:00</dateCreated>
    <retired>false</retired>
    <visitTypeId>2</visitTypeId>
  </org.openmrs.VisitType>
  <org.openmrs.VisitType id="4" uuid="e17df49b-8139-418c-bc5f-d9a23dad884a">
    <name>Dosing</name>
    <description>Dosing visit type</description>
    <creator/>
    <dateCreated id="5">2021-02-11 06:58:45</dateCreated>
    <retired>false</retired>
    <visitTypeId>6</visitTypeId>
  </org.openmrs.VisitType>
</list>
