<?xml version="1.0" encoding="UTF-8"?>
<package id="1" uuid="f19732b9-7afc-4a66-9610-e7a89607bee9">
  <dateCreated id="2">2022-03-23 09:35:22</dateCreated>
  <name>Person_Attribute_Types</name>
  <description>The Person Attribute Types</description>
  <openmrsVersion>2.3.0  Build b3ade0</openmrsVersion>
  <version>1</version>
  <groupUuid>e4beac84-7c05-4c94-883f-161d88c6f90b</groupUuid>
  <modules id="3">
    <entry>
      <string>calculation</string>
      <string>1.2</string>
    </entry>
    <entry>
      <string>legacyui</string>
      <string>1.6.0</string>
    </entry>
    <entry>
      <string>referenceapplication</string>
      <string>2.10.0</string>
    </entry>
    <entry>
      <string>appointmentscheduling</string>
      <string>1.12.0</string>
    </entry>
    <entry>
      <string>appointmentschedulingui</string>
      <string>1.9.0</string>
    </entry>
    <entry>
      <string>htmlwidgets</string>
      <string>1.10.0</string>
    </entry>
    <entry>
      <string>dataexchange</string>
      <string>1.3.4</string>
    </entry>
    <entry>
      <string>referencedemodata</string>
      <string>1.4.5</string>
    </entry>
    <entry>
      <string>addresshierarchy</string>
      <string>2.11.0</string>
    </entry>
    <entry>
      <string>reportingui</string>
      <string>1.6.0</string>
    </entry>
    <entry>
      <string>referencemetadata</string>
      <string>2.10.2</string>
    </entry>
    <entry>
      <string>uicommons</string>
      <string>2.14.0-SNAPSHOT</string>
    </entry>
    <entry>
      <string>patientflags</string>
      <string>3.0.2</string>
    </entry>
    <entry>
      <string>emrapi</string>
      <string>1.29.0-SNAPSHOT</string>
    </entry>
    <entry>
      <string>biometric</string>
      <string>1.2.1</string>
    </entry>
    <entry>
      <string>registrationapp</string>
      <string>1.20.0-SNAPSHOT</string>
    </entry>
    <entry>
      <string>idgen</string>
      <string>4.5.0</string>
    </entry>
    <entry>
      <string>htmlformentry</string>
      <string>4.0.0</string>
    </entry>
    <entry>
      <string>etllite</string>
      <string>1.1.4</string>
    </entry>
    <entry>
      <string>licensemanagement</string>
      <string>1.1.1</string>
    </entry>
    <entry>
      <string>reportingcompatibility</string>
      <string>2.0.6</string>
    </entry>
    <entry>
      <string>cfldistribution</string>
      <string>1.2.3</string>
    </entry>
    <entry>
      <string>uilibrary</string>
      <string>2.0.6</string>
    </entry>
    <entry>
      <string>locationbasedaccess</string>
      <string>0.3.0-SNAPSHOT</string>
    </entry>
    <entry>
      <string>adminui</string>
      <string>1.3.0</string>
    </entry>
    <entry>
      <string>messages</string>
      <string>1.5.0</string>
    </entry>
    <entry>
      <string>metadatamapping</string>
      <string>1.3.4</string>
    </entry>
    <entry>
      <string>coreapps</string>
      <string>1.29.0</string>
    </entry>
    <entry>
      <string>serialization.xstream</string>
      <string>0.2.14</string>
    </entry>
    <entry>
      <string>cfldistribution-vmp</string>
      <string>1.0.0</string>
    </entry>
    <entry>
      <string>attachments</string>
      <string>2.4.0</string>
    </entry>
    <entry>
      <string>metadatadeploy</string>
      <string>1.11.0</string>
    </entry>
    <entry>
      <string>fhir</string>
      <string>1.20.0</string>
    </entry>
    <entry>
      <string>metadatasharing</string>
      <string>1.6.0</string>
    </entry>
    <entry>
      <string>allergyui</string>
      <string>1.8.3-SNAPSHOT</string>
    </entry>
    <entry>
      <string>formentryapp</string>
      <string>1.4.2</string>
    </entry>
    <entry>
      <string>providermanagement</string>
      <string>2.10.0</string>
    </entry>
    <entry>
      <string>visits</string>
      <string>1.3.2</string>
    </entry>
    <entry>
      <string>sms</string>
      <string>1.2.1</string>
    </entry>
    <entry>
      <string>reportingrest</string>
      <string>1.11.0</string>
    </entry>
    <entry>
      <string>uiframework</string>
      <string>3.19.0</string>
    </entry>
    <entry>
      <string>event</string>
      <string>2.9.0-SNAPSHOT</string>
    </entry>
    <entry>
      <string>reporting</string>
      <string>1.21.0-SNAPSHOT</string>
    </entry>
    <entry>
      <string>callflows</string>
      <string>1.1.4</string>
    </entry>
    <entry>
      <string>htmlformentryui</string>
      <string>2.0.0-SNAPSHOT</string>
    </entry>
    <entry>
      <string>cfl</string>
      <string>1.8.0</string>
    </entry>
    <entry>
      <string>appframework</string>
      <string>2.15.0-SNAPSHOT</string>
    </entry>
    <entry>
      <string>webservices.rest</string>
      <string>2.29.1-SNAPSHOT.ccf336</string>
    </entry>
    <entry>
      <string>registrationcore</string>
      <string>1.9.0</string>
    </entry>
    <entry>
      <string>owa</string>
      <string>1.10.0</string>
    </entry>
    <entry>
      <string>appui</string>
      <string>1.13.0-SNAPSHOT</string>
    </entry>
  </modules>
  <items class="linked-hash-set" id="4">
    <org.openmrs.module.metadatasharing.Item id="5" uuid="0f17de05-0ac2-4bbf-80d0-b965d44c0d5c">
      <id>19</id>
      <classname>org.openmrs.PersonAttributeType</classname>
      <dateChanged id="6">2021-02-08 13:02:35</dateChanged>
      <retired>false</retired>
    </org.openmrs.module.metadatasharing.Item>
    <org.openmrs.module.metadatasharing.Item id="7" uuid="abad9189-a5be-4d34-b2e9-802482dea492">
      <id>22</id>
      <classname>org.openmrs.PersonAttributeType</classname>
      <dateChanged id="8">2021-11-12 10:02:40</dateChanged>
      <retired>false</retired>
    </org.openmrs.module.metadatasharing.Item>
    <org.openmrs.module.metadatasharing.Item id="9" uuid="2b971fa4-301d-4443-a98e-668b8fc66d9e">
      <id>20</id>
      <classname>org.openmrs.PersonAttributeType</classname>
      <dateChanged id="10">2021-04-15 12:25:07</dateChanged>
      <retired>false</retired>
    </org.openmrs.module.metadatasharing.Item>
    <org.openmrs.module.metadatasharing.Item id="11" uuid="b8fddaa3-dae5-4dac-aa05-cd99e82ba69f">
      <id>23</id>
      <classname>org.openmrs.PersonAttributeType</classname>
      <dateChanged id="12">2021-11-12 10:03:19</dateChanged>
      <retired>false</retired>
    </org.openmrs.module.metadatasharing.Item>
    <org.openmrs.module.metadatasharing.Item id="13" uuid="e1ad29db-af40-4784-a889-9b3087239418">
      <id>21</id>
      <classname>org.openmrs.PersonAttributeType</classname>
      <dateChanged id="14">2021-06-25 04:08:34</dateChanged>
      <retired>false</retired>
    </org.openmrs.module.metadatasharing.Item>
  </items>
  <relatedItems class="linked-hash-set" id="15"/>
</package>
