<?xml version="1.0" encoding="UTF-8"?>
<list id="1">
  <org.openmrs.PersonAttributeType id="2" uuid="0f17de05-0ac2-4bbf-80d0-b965d44c0d5c">
    <name>Vaccination program</name>
    <description>detail of person vaccine will be stored</description>
    <creator/>
    <dateCreated id="3">2021-02-08 12:52:07</dateCreated>
    <changedBy/>
    <dateChanged id="4">2021-02-08 13:02:35</dateChanged>
    <retired>false</retired>
    <personAttributeTypeId>19</personAttributeTypeId>
    <format>java.lang.String</format>
    <sortWeight>19.0</sortWeight>
    <searchable>false</searchable>
  </org.openmrs.PersonAttributeType>
  <org.openmrs.PersonAttributeType id="5" uuid="abad9189-a5be-4d34-b2e9-802482dea492">
    <name>PersonImageAttribute</name>
    <description>stores the device from where the person image was captured</description>
    <creator/>
    <dateCreated id="6">2021-11-12 10:02:40</dateCreated>
    <retired>false</retired>
    <personAttributeTypeId>22</personAttributeTypeId>
    <format>java.lang.String</format>
    <sortWeight>22.0</sortWeight>
    <searchable>false</searchable>
  </org.openmrs.PersonAttributeType>
  <org.openmrs.PersonAttributeType id="7" uuid="2b971fa4-301d-4443-a98e-668b8fc66d9e">
    <name>operatorUuid</name>
    <description>operator Uuid</description>
    <creator/>
    <dateCreated id="8">2021-04-15 12:25:07</dateCreated>
    <retired>false</retired>
    <personAttributeTypeId>20</personAttributeTypeId>
    <format>java.lang.String</format>
    <sortWeight>20.0</sortWeight>
    <searchable>false</searchable>
  </org.openmrs.PersonAttributeType>
  <org.openmrs.PersonAttributeType id="9" uuid="b8fddaa3-dae5-4dac-aa05-cd99e82ba69f">
    <name>PersonTemplateAttribute</name>
    <description>stores the device from where the person biometric template was captured</description>
    <creator/>
    <dateCreated id="10">2021-11-12 10:03:19</dateCreated>
    <retired>false</retired>
    <personAttributeTypeId>23</personAttributeTypeId>
    <format>java.lang.String</format>
    <sortWeight>23.0</sortWeight>
    <searchable>false</searchable>
  </org.openmrs.PersonAttributeType>
  <org.openmrs.PersonAttributeType id="11" uuid="e1ad29db-af40-4784-a889-9b3087239418">
    <name>firstSyncDate</name>
    <description>Stores the system date when a participant is registered in the system. date created field of patient table is used to store actual registration date of a participant</description>
    <creator/>
    <dateCreated id="12">2021-06-25 04:08:34</dateCreated>
    <retired>false</retired>
    <personAttributeTypeId>21</personAttributeTypeId>
    <format>java.lang.String</format>
    <sortWeight>21.0</sortWeight>
    <searchable>false</searchable>
  </org.openmrs.PersonAttributeType>
</list>
